label,count
Customer Support Phone Number,4950
Credit Card,4316
Công ty Website URL,1906
Customer Website URL,1449
Customer Support Working Hours,1091
Name,706
Customer Support Email Address,646
Customer Support Team,584
Email Address,569
Customer Service Phone Number,423
Điều email,391
URL Trang web của công ty,385
Password,382
Customer Support Email,351
Customer Support Work Hours,319
Customer Support Website URL,270
Company Website URL,247
Banking App,177
Điều tài khoản,168
Loan Tài khoản số,167
Điều mật khẩu,154
Customer Support,153
Bank Name,145
Cài đặt tài khoản,145
Bank App,143
Profile,140
Nhạc máy chủ,136
Live Chat,134
Customer Service Email Address,120
Credit Website URL,109
Customer Phone Support Number,109
Customer Service Working Hours,109
Customer Phone Number,104
Billing,98
Loan Account Number,98
Tên đầy đủ,92
Điều điện thoại hỗ trợ khách hàng,91
Account,86
Mortgage Account,78
Nhà người dùng,78
Nhạc người dùng,74
Customer Service Email,71
Mortgage Account Number,67
Customer Support Number,66
Customer Support Phone Number.,66
Customer Support Hours,64
Trang web của công ty,61
App Store,59
Google Play Store,56
Điều đặt hàng,56
Cài đặt Tài khoản,55
Nhạc ngân hàng,55
Full Name,50
Payments,49
Fees,48
Bank Website URL,47
Close Account,45
Card Management,44
Contact Us,44
Mortgage Tài khoản Số,41
Security,41
Nhạc Người dùng,38
Customer ID,36
Công ty Hỗ trợ Điện thoại Số,36
Trang dịch vụ,36
Website,36
Contact Settings,33
Credit Card Number,33
Công ty,32
Website URL,32
Contact Information,31
Loan Department,31
Loan Hỗ trợ Nhóm,31
Mobile Banking App,31
Tên Công ty,31
Account Summary,30
Banking Website,30
Cài đặt mật khẩu,30
Payment History,30
Tập nhật thanh toán,30
Account Login,29
Bank Account,29
Trang web Ngân hàng URL,28
Bank,27
Transactions,27
Loan,26
Mortgage Provider,26
Mortgage Support Team,26
View Fees,26
Điều người dùng,26
Account Settings,25
Company URL,25
Loan Payments,25
Điều địa chỉ email,25
Mortgage Support Phone Number,24
Ngân hàng Hỗ trợ Khách hàng Điện thoại Số,23
Contact Number,22
Mortgage,22
Online Banking,22
Thanks History,22
Điều điện thoại,22
24/7 Hỗ trợ khách hàng,21
App Ngân hàng,21
Billing History,21
Credit Cards,21
Mortgage Department,21
Trang ngân hàng,21
Username,21
Điều URL Trang web của Công ty,21
Cancel,20
Card Number,20
Transaction ID,20
Điều Tài khoản,20
Điều Tài khoản Ngân hàng,20
Conta Settings,19
Credit Card Provider,19
Loan Management,19
Loan Provider,19
Cards,18
Credit Card Activation,18
Customer Account Number,18
Công ty vay,18
Loan Number,18
Mortgage Assistance Team,18
Mortgage Cancellation Phone Number,18
Account Activity,17
Account Overview,17
American Express Website URL,17
Bank Website,17
Card Details,17
Change Password,17
Credit Card Phone Number,17
Loan Support Team,17
Mortgage Department Điện thoại Số,17
URL Trang web của Công ty,17
Bank Mobile App,16
Manage Cards,16
Mortgage Department Email Address,16
Mortgage Payments,16
Account Number,15
Bank Customer Support Phone Number,15
Credit Card Website URL,15
Custom Phone,15
Customer Service Hours,15
Customer Support Department,15
Customer Support Number.,15
Công ty Hỗ trợ số điện thoại,15
Email Support,15
Hiện khoản số,15
Tập nhật tài khoản,15
tên sử dụng,15
Điều điện thoại Hỗ trợ Khách hàng,15
Bank Customer Service Phone Number,14
Công ty Hỗ trợ Điện thoại số,14
Công ty Website,14
Live Chat Support,14
My Account,14
Transaction History,14
Transfer,14
Amount,13
Close Tài khoản,13
Customer Phone Support,13
Loan Hỗ trợ Điện thoại Số,13
Nhạc Ngân hàng,13
Trang Ngân hàng,13
Working Hours,13
tên mật khẩu,13
Điều điện thoại Dịch vụ Khách hàng,13
Account Fees,12
Ccount Number,12
Email,12
Loan Số,12
My Loans,12
Ngân hàng Dịch vụ Điện thoại Số,12
Nhạc máy tính,12
Response Time,12
tên người dùng,12
Điều email dịch vụ khách hàng,12
Điều điện thoại dịch vụ khách hàng,12
Credit App,11
Customer,11
Công ty Trang web URL,11
Công ty URL,11
Forgot Password,11
Loan ID,11
Mobile App,11
Trang web Ngân hàng,11
Trang web của công ty URL,11
Transfer Amount,11
tín số tài khoản,11
Điều ID khách hàng,11
Điều URL Trang Web của Công ty,11
Điều URL Trang web của công ty,11
Điều hỗ trợ khách hàng Điện thoại,11
Điều mật,11
Điều tiền gửi,11
ATM Location,10
CVV,10
Contact,10
Credit Services,10
Customer Support Channel,10
Login,10
Mortgage Payment,10
Name on Card,10
Payment,10
Settings,10
Trang dịch vụ của người nhận,10
Điều email của bạn,10
Điều email hỗ trợ khách hàng,10
Điều tài khoản của bạn,10
Điều điện thoại Dịch vụ khách hàng,10
Điều điện thoại Hỗ trợ khách hàng,10
24/7 Nhóm Hỗ trợ Khách hàng,9
Account ID,9
Balance,9
Banker Website URL,9
Card Services,9
Close,9
Conta Number,9
Credit Card Support Phone Number,9
Credit Management,9
Credit Support Phone Number,9
Customer Service,9
Customer Support Email.,9
Expiration Date,9
Loan Department Email Address,9
Login Page,9
Ngân hàng Dịch vụ Khách hàng Điện thoại Số,9
Ngân hàng Hỗ trợ Điện thoại Số,9
Nhạc máy,9
Nhạc tài khoản,9
Reset Password,9
Send Money,9
Support,9
Transfer History,9
Transfer ID,9
Tài điện thoại,9
Website Ngân hàng URL,9
Điện thư điện tử,9
Banking Website URL,8
Card Activation,8
City,8
Credit,8
Credit Account,8
Credit Card Management,8
Custom Phone Number,8
Customer Card Number,8
Customer Website,8
Công ty Tên,8
Delete Account,8
Delete Profile,8
Google Maps,8
Loan Details,8
Loan Reference Number,8
Mobile Bank,8
Mortgage Cancellation Email Address,8
Mortgage History,8
Mortgage Support Email Address,8
Nhạc Tài khoản,8
Tập lịch sử thanh toán,8
email address,8
Điều giao dịch,8
ATM Locator,7
Activate Card,7
Bank Account Number,7
Branch Locator,7
Cancel Card,7
Cancel Loan,7
Card Provider,7
Client Service Email Address,7
Contact Details,7
Contact Method,7
Credit Card Online Portal,7
Credit Name,7
Custom Phone Support,7
Customer Service Work Hours,7
Công số tài khoản,7
Công ty thuê nhà,7
Công ty vay số điện thoại,7
Email Response Time,7
Loan Account,7
Loan Amount,7
Loan Department Phone Number,7
Loan Department Điện thoại Số,7
Loan Support Phone Number,7
Loan Website URL,7
Mortgage Assistance Phone Number,7
Mortgage Customer Support Team,7
Opening Hours,7
Phone Support,7
Refund,7
Thanks,7
Thông tin tài khoản,7
Transaction Date,7
Tài số điện thoại,7
Tên tài khoản,7
View Mortgage Payments,7
Điều ID Tài khoản,7
Điều tiền,7
AMEX Hỗ trợ Khách hàng Điện thoại Số,6
Apple Maps,6
Bank Customer Service Number,6
Banking,6
Branch Locations,6
Comp,6
Comp Website URL,6
Contact Page,6
Contact Thông tin,6
Credit Settings,6
Customer Phone,6
Customer Service Number,6
Customer Support Phone,6
Customer Support Website,6
Customer Support Work Hours.,6
Customer URL,6
Các thẻ tín dụng,6
Công ty Hỗ trợ Thời gian làm việc,6
Công ty Hỗ trợ Điện thoại,6
Công ty đặt cọc,6
Công việc ngân hàng,6
Loan Cancellation Phone Number,6
Loan Hỗ trợ Email,6
Loan Hỗ trợ Email Địa chỉ,6
Loan bộ phận số điện thoại,6
Mortgage Hỗ trợ Bộ,6
Mortgage Services,6
Name on the Card,6
Number tài khoản,6
Order Number,6
Request Cancellation,6
Save,6
Trang dịch vụ ngân hàng,6
Transfer Date,6
Transfer Reference Number,6
Transfers,6
Tên công ty,6
Tập lịch giao dịch,6
Tập toán tổng hợp,6
URL trang web,6
View Payments,6
name,6
Điều Email Tài khoản,6
Điều Tài khoản Loan,6
Điều dùng tài khoản,6
Điều giao dịch ID,6
Điều hỗ trợ khách hàng giờ làm việc,6
Điều tài khoản của người nhận,6
Điều tài khoản ngân hàng,6
Điều đơn,6
Điện thư,6
AMEX Website URL,5
Account Information,5
Address,5
American Express Dịch vụ Điện thoại Số,5
App Name,5
Banque Website URL,5
Block Card,5
Card Issuer,5
Cards Quản lý,5
Check Balance,5
Conta Cancel,5
Conta Summary,5
Contact Cancel,5
Contact Closed,5
Credit Card Account,5
Credit Card Services,5
Credit Card URL,5
Customer Number,5
Customer Working Hours,5
Date,5
Hôm làm việc,5
Loan Application Number,5
Loan Hỗ trợ Số Điện thoại,5
Loan Số tài khoản,5
Loan Tài khoản,5
Loan Ứng dụng ID,5
Lock Card,5
Mobile Banking,5
Mortgage Assistance Department,5
Mortgage Cancellation Department,5
Mortgage Cancellation Email,5
Mortgage Department Điện thoại số,5
Mortgage bộ phận số điện thoại,5
My Cards,5
Name Ngân hàng,5
Name ngân hàng,5
Nhà công ty,5
Nhạc nhân,5
Number Order,5
Online Banking Portal,5
Online Lender 2,5
Số điện thoại Hỗ trợ Khách hàng Ngân hàng,5
Tay sinh,5
Trang web của Ngân hàng,5
Trang web ngân hàng,5
Tài điện thoại hỗ trợ khách hàng,5
Tên sinh,5
Update,5
View Account Fees,5
Zip Code,5
Điều,5
Điều Email Dịch vụ khách hàng,5
Điều ID Khách hàng,5
Điều Tài khoản thuê nhà,5
Điều URL của Công ty,5
Điều URL của trang web của công ty,5
Điều Điện thoại Hỗ trợ Khách hàng,5
Đăng ký email,5
Account Charges,4
Account Details,4
Account Recovery,4
Bank App Name,4
Bank Branch,4
Billing Details,4
Billing Information,4
Cancel Account,4
Cancel Transfer,4
Card Balances,4
Card Information,4
Cardholder Name,4
Cards Hủy,4
Cards Management,4
Client Service Email,4
Create Account,4
Credit Card Details,4
Credit Card Name,4
Credit Number,4
Customer Support Account Number,4
Customer Website URL.,4
Customer Work Hours,4
Công số Tài khoản,4
Công ty Hỗ trợ,4
Công ty Ngân hàng,4
Công ty bảo mật,4
Công ty dịch vụ tiền mặt,4
Công ty và điều kiện,4
Công ty Đánh giá,4
Công ước và Điều khoản,4
Cắt tài khoản,4
Hiện khoản ID,4
Hiện khoản tín dụng,4
Loan Assistance Team,4
Loan Cancellation Email Address,4
Loan Department Email,4
Loan Department Điện thoại số,4
Loan Hỗ trợ Khách hàng,4
Loan Support Email Address,4
Loan Số tham khảo,4
Loan bộ phận địa chỉ email,4
Mobile App Name,4
Mortgage Customer Service Team,4
Mortgage Department Email,4
Mortgage Hỗ trợ Nhóm,4
Mortgage Hủy bỏ số điện thoại,4
Mortgage Support Email,4
Ngân hàng Hỗ trợ Khách hàng,4
Nhà người sử dụng,4
Nhà tài khoản,4
Nhạc,4
Online Lender 1,4
Phone,4
Pricing,4
Property Address,4
Request Loan Cancellation,4
Submit,4
Thanks Details,4
Thanks ID,4
Thiện giao dịch,4
Thuyết minh,4
Trang dịch vụ số,4
Trang web URL,4
Travel Dates,4
Type Tài khoản,4
Tài liệu thẻ tín dụng,4
Tên của người nhận,4
Tên đầu tiên,4
Tất cả tên,4
Tập trình giao dịch,4
View Loan Payments,4
View Payment History,4
Void,4
Website Ngân hàng,4
Điều Chuyển khoản Ngân hàng,4
Điều Số Tài khoản Loan,4
Điều URL của bạn,4
Điều chuyển khoản,4
Điều hỗ trợ khách hàng,4
Điều hỗ trợ khách hàng Email,4
Điều khoản vay,4
Điều số điện thoại hỗ trợ khách hàng,4
Điều thuê,4
Điều thẻ,4
Điều Địa chỉ Email,4
Điều điện thoại Hỗ trợ khách hàng Working Hours,4
Điều đăng ký,4
Điều đặt tài khoản,4
Điện,4
24/7 Customer Support Team,3
AMEX Hỗ trợ khách hàng Điện thoại Số,3
AMEX Trang web URL,3
ATM Locator Website,3
Account Username,3
Activate,3
American Express Dịch vụ Điện thoại số,3
American Express Hỗ trợ Điện thoại Số,3
Annual Fees,3
App Mobile Bank,3
App Store/Google Play Store,3
Bank Khách hàng Dịch vụ Điện thoại Số,3
Billing Summary,3
Branch Location,3
Card Services Phone Number,3
Cards Details,3
Cards Manage,3
Cards Settings,3
Cards quản lý,3
Credit Card App,3
Credit Card Information,3
Credit Card!,3
Credit Details,3
Customer Card,3
Customer Hỗ trợ Điện thoại Số,3
Customer Name,3
Customer Service Address,3
Customer Service Department,3
Customer Service Team,3
Customer Service Website URL,3
Customer Services,3
Customer Support Hotline,3
Customer URL.,3
Cài đặt an toàn,3
Cài đặt thẻ,3
Các cài đặt tài khoản,3
Các số điện thoại hỗ trợ khách hàng,3
Các thẻ quản lý,3
Công số Tài khoản của Người nhận,3
Công ty Hỗ trợ Điện thoại số.,3
Công ty Số,3
Công việc thẻ,3
Công ước quyền riêng tư,3
Cắt Tài khoản,3
Fee and Charges,3
Find ATM,3
Fraud Department,3
Google Play,3
Hiện dịch,3
Hiện khoản dịch vụ điện thoại của khách hàng,3
Hour Working,3
Hủy bỏ Bộ Điện thoại số,3
Identification Documents,3
Lan Tài khoản của tôi,3
Loan Application,3
Loan Assistance Phone Number,3
Loan Cancellation Department,3
Loan Customer Support Team,3
Loan Dịch vụ,3
Loan Hỗ trợ Email Address,3
Loan Hủy bỏ số điện thoại,3
Loan Hủy vay số điện thoại,3
Loan Hủy vay địa chỉ email,3
Loan Processing Time,3
Loan Số ứng dụng,3
Mortgage Agreement,3
Mortgage Assistance,3
Mortgage Assistance Email Address,3
Mortgage Dịch vụ khách hàng,3
Mortgage Hỗ trợ Khách hàng,3
Mortgage Hỗ trợ Điện thoại Số,3
Mortgage Lender,3
Mortgage Portal,3
Mortgage Service,3
My Fees,3
My Orders,3
My Transactions,3
NameBank,3
Ngày sinh,3
Nhạc tài khoản người nhận,3
Nhạc điện thoại hỗ trợ khách hàng,3
Number Tài khoản Ngân hàng,3
Recent Transactions,3
Report Lost/Stolen,3
Security Code,3
Set Password,3
Social Media Platform,3
Statement,3
Số Dịch vụ Khách hàng Ngân hàng,3
Số tài khoản của bạn,3
Thuyết định tài khoản,3
Thuyền hỗ trợ khách hàng Điện thoại số,3
Thời gian,3
Thời gian và thời gian,3
Transaction,3
Transaction Amount,3
Transaction Details,3
Transaction Number,3
Trung Quốc 1,3
Trung Quốc 2,3
Tài khoản hỗ trợ khách hàng,3
Tên cuối cùng,3
Tên ngân hàng,3
Tên thẻ,3
Tên điện thoại,3
Tìm kiếm một số thông tin chi tiết của bạn.,3
Tín dụng,3
Tăng cường điện thoại,3
Tăng trợ điện thoại,3
Tập lịch sử tài khoản,3
Tập nhật giao dịch,3
Tập toán Lịch sử,3
Tập toán lịch sử,3
Visa Card Number,3
Visa Website URL,3
Website live chat,3
công ty Website URL,3
password,3
tên của người gửi,3
tên sử,3
website,3
Điều Email,3
Điều Email Hỗ trợ Khách hàng,3
Điều Tài khoản Mortgage,3
Điều chuyển giao,3
Điều cuối cùng,3
Điều email đăng ký,3
Điều giờ làm việc hỗ trợ khách hàng,3
Điều hỗ trợ khách hàng Thời gian làm việc,3
Điều khoản hỗ trợ khách hàng,3
Điều khoản tiền ôn,3
Điều ngân hàng,3
Điều tín dụng,3
Điều Địa chỉ Thư,3
Điều điện thoại của công ty URL,3
Điều điện thoại của phòng gian lận,3
Điều đầu tiên,3
Điểm hỗ trợ tài khoản,3
Điểm hủy bỏ tiền đặt cọc,3
Điển khoản ngân hàng,3
Điện URL Trang web của công ty,3
Điện email,3
Điện ích,3
Điện ích của Công ty,3
Đăng ký thư,3
địa chỉ email,3
24/7 Hỗ trợ khách hàng Hotline,2
24/7 Live Chat,2
AMEX Dịch vụ Điện thoại Số,2
AMEX Dịch vụ Điện thoại số,2
AMEX Hỗ trợ Khách hàng,2
ATM Finder Website,2
Account Balance,2
Account Credentials,2
Account Management,2
Account Services,2
Activation Hotline Number,2
American Express,2
American Express Customer Service Phone Number,2
American Express Customer Support Phone Number,2
American Express Dịch vụ Điện thoại Số điện thoại,2
American Express Phone Number,2
App Store URL,2
Automated Phone System Number,2
Balances,2
Ban Website URL,2
Bank Branch Location,2
Bank Branch Locations,2
Bank Contact Number,2
Bank Helpline Number,2
Bank Support Phone Number,2
Bank's,2
Banking Mobile App,2
Billing Statements,2
Block,2
Branch Support Phone Number,2
Branch Website URL,2
Business Hours,2
C Password,2
Cancell,2
Cancellation,2
Cancellation Phone Number,2
Card Activation Phone Number,2
Card Fees,2
Card Issuing Bank,2
Card Settings,2
Cards Services,2
Cards hủy,2
Cart Number,2
Check Mortgage Payments,2
Chiên cứu trực tuyến,2
Close Card,2
Code Security,2
Comp Website URL.,2
Company,2
Conta Closes,2
Contact Card,2
Contact Fees,2
Contact Support Phone Number,2
Contact Work Hours,2
Credit Card Activation App,2
Credit Card Balance,2
Credit Card Summary,2
Credit Information,2
Credit Score,2
Credit Support Team,2
Credit Support Working Hours,2
Credit Website,2
Credit and Charges,2
Credit and Fees,2
Custom Phone.,2
Custom Support Number,2
Customer Activation,2
Customer Email Address,2
Customer Hỗ trợ,2
Customer Hỗ trợ Hours,2
Customer Information,2
Customer Service Hotline,2
Customer Support Address,2
Customer Support Channels,2
Customer Support Contact,2
Customer Support Live Chat,2
Customer Support Services,2
Customer Support URL,2
Customer Working Hours.,2
Customer hỗ trợ,2
Cài đặt,2
Cài đặt Password,2
Cài đặt bảo mật,2
Cài đặt hồ sơ,2
Các Card Đạt,2
Các Cài đặt tài khoản,2
Các Hỗ trợ Email,2
Các Tờ Hủy,2
Các khoản hỗ trợ điện thoại,2
Các thẻ hủy,2
Câu thuẫn tài khoản,2
Công sách bảo mật,2
Công sách quyền riêng tư,2
Công ty Email,2
Công ty Mobile App,2
Công ty Name,2
Công ty Tài khoản Đơn vị,2
Công ty bảo hiểm,2
Công ty dịch vụ,2
Công ty hỗ trợ giờ làm việc,2
Công ty hủy bỏ,2
Công ty hủy bỏ tiền đặt cọc,2
Công ty kích hoạt,2
Công ty mật khẩu,2
Công ty thanh toán,2
Công ty thẻ tín dụng,2
Công ty vay tiền,2
Công ty ảo,2
Công ty ủng hộ,2
Công ty Ứng dụng,2
Công việc cài đặt thẻ,2
Công việc kích hoạt thẻ,2
Công việc quản lý thẻ,2
Công việc tín dụng,2
Công ước và điều kiện,2
Dịch vụ Khách hàng Ngân hàng,2
Fee Summary,2
Hiện hỗ trợ điện thoại,2
Hiện khoản Số,2
Hiện khoản dịch vụ điện thoại khách hàng,2
Hiện khoản hỗ trợ khách hàng,2
Hiện khoản hỗ trợ khách hàng Điện thoại số,2
Hiện thẻ tín dụng,2
Hiện ích hỗ trợ khách hàng Điện thoại số,2
Học tiền mặt hỗ trợ khách hàng,2
Học tài khoản,2
Hộp khoản,2
Hộp khoản ngân hàng,2
Hộp số ngân hàng Routing,2
Hộp tiền_,2
Hủy,2
Hủy bỏ,2
Hủy bỏ tài khoản số,2
Last Name,2
Lending Platforms,2
Loan Agreement Date,2
Loan Application ID,2
Loan Cancellation,2
Loan Dashboard,2
Loan Hỗ trợ Bộ,2
Loan Hỗ trợ Khách hàng Điện thoại Số,2
Loan Hủy bỏ Email Address,2
Loan Hủy khoản,2
Loan Hủy khoản vay của chúng tôi,2
Loan Provider Website URL,2
Loan Quản lý,2
Loan Services,2
Loan Start Date,2
Loan Support Email,2
Loan Trang web URL,2
Location,2
Mortgage Cancellation,2
Mortgage Cancellation Work Hours,2
Mortgage Customer Service,2
Mortgage Dashboard,2
Mortgage Department Number,2
Mortgage Department Phone Number,2
Mortgage Helpline Number,2
Mortgage Hỗ trợ Khách hàng Nhóm,2
Mortgage Lender Phone Number,2
Mortgage Lender Website URL,2
Mortgage Nhóm Hỗ trợ Khách hàng,2
Mortgage Payment Portal,2
Mortgage Specialist,2
Mortgage Support Work Hours,2
Mortgage bộ phận địa chỉ email,2
Mortgage Điện thoại Số,2
Ngân hàng Hỗ trợ Khách hàng Thời gian làm việc,2
Nhà sử dụng,2
Nhạc của người bạn,2
Nhạc ngân hàng của bạn,2
Nhạc sĩ,2
Nhạc tài khoản chủ tài khoản,2
Nhạc đầy đủ,2
Nó Ngân hàng,2
Nó Tài khoản,2
Nó Tài khoản Ngân hàng,2
One-Time Password,2
Online Banking Platform,2
Order History,2
Password Recovery,2
Privacy,2
Product/Service,2
Reason,2
Response Timeframe,2
Sign In,2
Sign Up,2
Sign-in,2
Support Email,2
Support Email Address,2
Support Phone Number,2
TID chuyển khoản,2
TID giao dịch,2
Tay của sinh,2
Telephone Number,2
Telephone Support Working Hours,2
Thanh Lịch sử giao dịch,2
Thanh lịch sử giao dịch,2
Thanks Account Number,2
Thuyền chuyển,2
Thuyền tài chính,2
Thuế Dịch vụ,2
Thời gian và Thời gian,2
Thời xử lý,2
Time,2
Tin tức cá nhân,2
Tranaction Number,2
Trang chuyển khoản,2
Trang dịch vụ lịch sử,2
Trang dịch vụ điện thoại của khách hàng,2
Trang tín dụng 1,2
Trang tín dụng 2,2
Trang tín dụng 3,2
Transfer Details,2
Transfer Funds,2
Trong khoản thanh toán,2
Trung dịch vụ ngân hàng,2
Tài khoản,2
Tài khoản chuyển khoản,2
Tài khoản của tôi,2
Tài khoản điện thoại hỗ trợ khách hàng,2
Tài liệu liên lạc,2
Tài đặt tài khoản,2
Tên,2
Tên Công ty URL,2
Tên Ngân hàng,2
Tên chuyển giao,2
Tên chuyển khoản,2
Tên giao dịch,2
Tên liên hệ,2
Tên người dùng,2
Tên sử dụng,2
Tên tài khoản của người nhận,2
Tín dụng tối thiểu của khoản phí hàng năm,2
Tín số,2
Tín số Tài khoản Loan,2
Tín số tài chính,2
Tín số tài khoản,2
Tính khoản tổng quan,2
Tính khoản điện thoại hỗ trợ khách hàng,2
Tính năng cá nhân,2
Tính toán tổng quan,2
Tập lịch sử,2
Tập nhật của bạn,2
Tập nhật số điện thoại,2
Tập nhật tiền mặt,2
Tập trình của tôi,2
Tổng thông tin tài chính,2
URL Công ty,2
URL Trang Web của Công ty,2
URL Website.,2
View Balance,2
View Recent Activity,2
Visa Customer Support Phone Number,2
Vận thăm trang web của chúng tôi,2
Website Homepage,2
Website Live Chat,2
Website của Ngân hàng URL,2
email,2
hỗ trợ khách hàng,2
lê số tài khoản,2
lênh số tham khảo,2
lênh tài khoản số,2
mortgage tài khoản số,2
tên của người nhận,2
tên thuê nhà,2
tên đầy đủ,2
Điều Email Đăng ký,2
Điều ID giao dịch,2
Điều Số Tài khoản Ngân hàng,2
Điều Tên Ngân hàng,2
Điều URL trang web của công ty,2
Điều bảo mật,2
Điều chuyển khoản ngân hàng,2
Điều cân bằng thẻ,2
Điều email Dịch vụ khách hàng,2
Điều hướng,2
Điều hồ sơ,2
Điều hỗ trợ khách hàng Working Hours,2
Điều hỗ trợ điện thoại của khách hàng,2
Điều hủy bỏ Loan,2
Điều khoản hỗ trợ điện thoại,2
Điều khoản ủng hộ,2
Điều ngày,2
Điều nhận dạng cá nhân,2
Điều sinh nhật,2
Điều thông tin thẻ,2
Điều thư điện tử,2
Điều tiền gửi một thời gian (OTP),2
Điều tài khoản ngân hàng của bạn,2
Điều tài sản,2
Điều vay,2
Điều Địa chỉ Email Đăng ký,2
Điều điện thoại Dịch vụ khách hàng Email,2
Điều điện thoại Dịch vụ khách hàng Working Hours,2
Điều đăng ký Email,2
Điều địa chỉ,2
Điều địa chỉ email của bạn,2
Điểm URL của trang web của công ty,2
Điểm hỗ trợ khách hàng,2
Điểm hủy bỏ tài khoản,2
Điểm vay,2
Điện URL Trang Web của Công ty,2
Điện URL của Công ty,2
Điện ích của Công ty URL,2
Đại phòng hủy bỏ số tài khoản,2
Đặt vé,2
Độ tiền chuyển khoản,2
địa chỉ chuyển giao,2
địa chỉ email tài khoản,2
24/7,1
24/7 Customer Support,1
24/7 Customer Support Number,1
24/7 Số điện thoại hỗ trợ khách hàng,1
24/7 hỗ trợ khách hàng,1
24/7 trợ giúp,1
24/7 đội hỗ trợ khách hàng.,1
24/7Client Support Line,1
AMEX,1
AMEX Hỗ trợ Khách hàng Thời gian làm việc,1
AMEX Hỗ trợ khách hàng Thời gian làm việc,1
AMEX Khách hàng Dịch vụ Điện thoại số,1
AMEX Số Dịch vụ Khách hàng,1
AMEX Số Dịch vụ khách hàng,1
ATM Address,1
ATM Finder,1
ATM Finder App,1
ATM Hunter,1
ATM Locator App,1
ATM Locator Website URL,1
ATM Near Me,1
ATM Support Phone Number,1
ATM Website URL,1
ATM tìm kiếm Website,1
ATM Địa điểm,1
Account Access,1
Account Dashboard,1
Account Statements,1
Account Transactions,1
"Account""",1
Accounts,1
Activate Card International Usage,1
Activate Now,1
Activation Card,1
Activation Phone Number,1
Add new card,1
Addressed Email,1
American Express Customer Service Number,1
American Express Customer Support Number,1
American Express Dịch vụ Khách hàng Số điện thoại,1
American Express Dịch vụ Số,1
American Express Hỗ trợ Khách hàng Điện thoại số,1
American Express Hỗ trợ khách hàng Thời gian làm việc,1
American Express Hỗ trợ khách hàng Điện thoại Số,1
American Express International Customer Service Number,1
American Express Khách hàng Hỗ trợ Điện thoại Số,1
American Express Lost/Stolen Card Phone Number,1
American Express Phone Support Number,1
American Express Support,1
Amount Transfer,1
App,1
App Store hoặc Google Link Play,1
App Store/Play Store,1
Apple App Store,1
Authenticate Your Identity,1
Availability Hours,1
Bank A,1
Bank Account Details,1
Bank Activation Phone Number,1
Bank B,1
Bank Cancellation Hotline,1
Bank Card Lock Helpline,1
Bank Customer Support Number,1
Bank Customer Support Working Hours,1
Bank Hotline,1
Bank Hotline Number,1
Bank Hỗ trợ Điện thoại Số điện thoại,1
Bank International Activation Hotline,1
Bank Khách hàng Dịch vụ Số,1
Bank Location,1
Bank Phone Number,1
Bank Transfer,1
Bank Transfer Step 1,1
Bank Transfer Step 2,1
Bank Transfer Step 3,1
Bank Transfer Support Team,1
Bank's Mobile App,1
Bank's Website,1
Bank/Branch Name,1
Banker Malls,1
Banking App Name,1
Banking Customer Support,1
Banks,1
"Bill""",1
Billing Cycle,1
Billing Lịch sử,1
Biometric Authentic,1
Biometric Authentication,1
Branch Locations.,1
Branch Name,1
Branch Open Hours,1
Branch Operating Hours,1
Branch Working Hours,1
Brief Description,1
C Phone Support,1
C/7,1
CVC code,1
Cancel Profile,1
Cancell Account,1
Cancell Loan,1
Cancell Time,1
Cancellation Department,1
Cancellation Email Address,1
Cancellation Form,1
Cancellation Page,1
Card,1
Card Activation App,1
Card Activation Website URL,1
Card Annual Fees,1
Card Balance,1
Card Blocking,1
Card Cancellation,1
Card Charges,1
Card Customer Service Number,1
Card Hỗ trợ khách hàng,1
Card Issuer Dịch vụ Số khách hàng,1
Card Issuer Phone Number,1
Card Issuer Website,1
Card Issuer Điện thoại Số,1
Card Profile,1
Card Protection Phone Number,1
Card Services Working Hours,1
Card Summary,1
Card Support Email Address,1
Card Support Phone Number,1
Card Support Team,1
Cardholder Portal,1
Cards Cancell,1
Cards Cài đặt,1
Cards Lock,1
Cards Number,1
Cards_7,1
Cart Activation,1
Carta Details,1
Charges,1
Chat Hỗ trợ,1
Check Fees,1
Check Loan Payments,1
Checking Account,1
Chiếc thẻ thứ ba,1
Chuyến dịch vụ hỗ trợ của chúng tôi!,1
Chuyết minh dịch vụ Email Địa chỉ,1
Chuyết minh/Service,1
City Name,1
City Website URL,1
Client App,1
Client Card,1
Client Service Chat,1
Client Service Phone Number,1
Client Service Working Hours,1
Close Profile,1
Company Name,1
Company Website,1
Company Website và URL để duyệt thẻ tín dụng,1
Company name,1
Confirm,1
Confirmation,1
Confirmation Method,1
Conta Benefits,1
Conta Details,1
Conta Summary Phone Number,1
Conta and Charges,1
Contact Amex Customer Support,1
Contact Bank,1
Contact Bank's Customer Service,1
Contact Card Cancellation,1
Contact Channel,1
Contact Deactivate,1
Contact Email,1
Contact Form,1
Contact Hỗ trợ Khách hàng,1
Contact Management,1
Contact Name,1
Contact Option,1
Contact Phone Number,1
Contact Phone Support,1
Contact Preference,1
Contact Summary,1
Contact Support Number,1
Contact Support Work Hours,1
Contact Time,1
Contact Visa Cancellation Procedure,1
Contact Visa Customer Support,1
Contact Website URL,1
Contact ngân hàng của bạn,1
Continue,1
Conto Overview,1
Convenience Stores,1
Cortgage Department,1
Council tài chính,1
Create New Account,1
Create Password,1
Create a New Password,1
Credit Assistance,1
Credit Card Activate,1
Credit Card Activated Working Hours,1
Credit Card Activation Phone Number,1
Credit Card Cancellation,1
Credit Card Date,1
Credit Card Date of Birth,1
Credit Card Issuer,1
Credit Card Issuer Support Phone Number,1
Credit Card Overview,1
Credit Card Provider Website URL,1
Credit Card Sa,1
Credit Card Support,1
Credit Card Support Email,1
Credit Card Support Email Address,1
Credit Card Số,1
Credit Card and Fees,1
Credit Card for international us,1
Credit Card for us,1
Credit Card quốc tế,1
Credit Card's vấn đề,1
Credit Cards and Terms,1
Credit Express Hỗ trợ Điện thoại Số,1
Credit Express Support Phone Number,1
Credit Fees,1
Credit Hotline Number,1
Credit Hotline Working Hours,1
Credit Overview,1
Credit Phone Number,1
Credit Portal,1
Credit Store Locations.,1
Credit Summary,1
Credit Team,1
Credit Union A,1
Credit Union B,1
Credit Website URL.,1
Credit/Debit,1
Cung cấp thông tin cần thiết khác,1
Currency,1
Current Balance,1
Custom Dates,1
Custom Support Hours,1
Custom Support Team,1
Customer Account Number or Name,1
Customer Activation Status,1
Customer Banking Account,1
Customer Branches,1
Customer Email,1
Customer Email Support,1
Customer Express Phone Number.,1
Customer Hours hỗ trợ.,1
Customer Hỗ trợ Công việc giờ,1
Customer Hỗ trợ Số,1
Customer Management,1
Customer Phone Number trong quá trình hỗ trợ của chúng tôi,1
Customer Phone's Support Number,1
Customer Security,1
Customer Service Address Email,1
Customer Service Address Email.,1
Customer Service Address with Email,1
Customer Service Center,1
Customer Service Hotline Number,1
Customer Service Online,1
Customer Settings,1
Customer Suppor,1
Customer Support Address Email.,1
Customer Support Amount,1
Customer Support Cards,1
Customer Support Center,1
Customer Support Contact Method,1
Customer Support Email Resolution,1
Customer Support Email và email,1
Customer Support Email yêu cầu hỗ trợ,1
Customer Support End Time,1
Customer Support H,1
Customer Support Helpline,1
Customer Support Location,1
Customer Support Operating Hours,1
Customer Support Page,1
Customer Support Page URL,1
Customer Support Phone Action Number,1
Customer Support Phone Line,1
Customer Support Start Time,1
Customer Support Team Address,1
"Customer Support Team, hoặc bất kỳ tài liệu liên quan khác",1
Customer Support Website Number,1
Customer Support Website URL.,1
Customer Support ca,1
Customer Support team,1
Customer Support tại,1
Customer Support.,1
Customer Website Support Number,1
Customer Work Hours.,1
Customer Working Hours và Supporting,1
Customer hỗ trợ cho tôi!,1
Customer hỗ trợ giúp bạn có thể hỗ trợ!,1
"Customer hỗ trợ khách hàng, hoặc hỗ trợ khách hàng của chúng tôi.",1
Customer hỗ trợ!,1
Customer support web,1
Customer's Account Details,1
Customer's Account Number,1
Cài đặt An toàn,1
Cài đặt Card,1
Cài đặt Hồ sơ,1
Cài đặt Tài khoản Bảo mật,1
Cài đặt Tài khoản của tôi,1
Cài đặt chi tiết,1
Cài đặt mật khẩu & Quyền riêng tư,1
Các Hỗ trợ Chat,1
Các Hỗ trợ Email Địa chỉ,1
Các Hỗ trợ Kinh doanh,1
Các Hỗ trợ Điện thoại,1
Các Hỗ trợ Điện thoại số,1
Các Hỗ trợ Điện thoại Điện thoại Điện thoại,1
Các Số Điện thoại Hỗ trợ Khách hàng,1
Các Thẻ Hủy,1
Các Tờ Quản lý,1
Các cân bằng tài khoản,1
Các giờ làm việc hỗ trợ khách hàng,1
Các hỗ trợ khách hàng của chúng tôi.,1
Các khoản Web URL,1
Các khoản chuyển khoản ngân hàng,1
Các khoản hỗ trợ khách hàng Số điện thoại,1
Các khoản hỗ trợ khách hàng Work Hours,1
Các khoản hỗ trợ khách hàng giờ làm việc,1
Các khoản ngân hàng,1
Các khoản số,1
Các khoản thẻ,1
Các khoản tổng quan,1
Các loại thẻ,1
Các số chuyển khoản ngân hàng,1
Các số tài khoản,1
Các số điện thoại dịch vụ khách hàng,1
Các thẻ của bạn,1
Các thẻ của tôi,1
Các thẻ tín dụng số,1
Các định tài khoản,1
Câu chuyện Timeframe,1
Câu chuyện số,1
Câu chuyện thời gian,1
Câu mật,1
Câu mật khẩu,1
Câu thuẫn Trung tâm,1
Câu thuẫn khách hàng,1
Câu trả lời tranh chấp,1
Công cụ bảo mật,1
Công cụ mật khẩu,1
Công cụ xác thực,1
Công khoản Số,1
Công khoản tổng hợp,1
Công khoản và điều kiện của thẻ tín dụng,1
Công khoản và điều kiện thẻ tín dụng,1
Công nhận thông tin cần thiết thêm,1
Công phí và phí,1
Công suất hàng năm của thẻ,1
Công suất và Giá trị,1
Công số Giao dịch Reference,1
Công số Tài khoản Người nhận,1
Công số Tài khoản của người nhận,1
Công số chuyển tiền,1
Công số thông tin tài khoản của người nhận,1
Công số Điện thoại Hỗ trợ Quốc tế,1
Công số điện thoại của công ty,1
Công thức liên lạc được yêu thích,1
Công tin,1
Công tin Tài khoản của người nhận,1
Công trình thời gian.,1
Công ty Activation,1
Công ty App,1
Công ty App Name,1
Công ty App Store,1
Công ty App Store/Google Play Store,1
Công ty Dịch vụ Email,1
Công ty Dịch vụ thuê nhà,1
Công ty Dịch vụ Điện thoại Số,1
Công ty Dịch vụ Điện thoại số.,1
Công ty Hỗ trợ Công việc,1
Công ty Hỗ trợ Công việc Hành Trình,1
Công ty Hỗ trợ Hours,1
Công ty Hỗ trợ Hours Mobile app,1
Công ty Hỗ trợ số,1
Công ty Hỗ trợ thẻ,1
Công ty Hỗ trợ với các giờ làm việc,1
Công ty Hỗ trợ Điện thoại Số.,1
Công ty Mobile App Name,1
Công ty Now,1
Công ty Password,1
Công ty Play Store,1
Công ty Quyền riêng tư,1
Công ty Thiết lập,1
Công ty Trang web,1
Công ty Tài khoản,1
Công ty Website URL.,1
Công ty chi tiết,1
Công ty cân bằng,1
Công ty dịch vụ tiền gửi,1
Công ty giải quyết,1
Công ty hỗ trợ Email Address,1
Công ty hỗ trợ Hours,1
Công ty hỗ trợ Hours Work,1
Công ty hỗ trợ và phí,1
Công ty hỗ trợ Điện thoại Số,1
Công ty hỗ trợ điện thoại,1
Công ty hủy,1
Công ty hủy bỏ số điện thoại,1
Công ty hủy bỏ tiền điện thoại,1
Công ty hủy bỏ địa chỉ email,1
Công ty quản lý,1
Công ty số,1
Công ty thông tin,1
Công ty thông tin kiểm tra,1
Công ty tiền gửi,1
Công ty tiền gửi số,1
Công ty tiền gửi địa chỉ email,1
Công ty tiền mặt,1
Công ty tranh chấp,1
Công ty tài khoản,1
Công ty tư vấn tài chính,1
Công ty tổng hợp,1
Công ty tổng quan,1
Công ty vay Email,1
Công ty vay tiền số,1
Công ty và phí,1
Công ty và Điều kiện,1
Công ty Điện thoại,1
Công ty Điện thoại kích hoạt,1
Công ty đặt cọc email địa chỉ,1
Công ty đặt cọc số điện thoại,1
Công ty địa chỉ email,1
Công ty ảo số điện thoại,1
Công ty ảo địa chỉ email,1
Công việc URL của công ty.,1
Công việc chi tiết,1
Công việc cài đặt,1
Công việc dịch vụ thẻ,1
Công việc giá thẻ,1
Công việc quản lý tài khoản,1
Công việc số,1
Công việc thông tin,1
Công việc thẻ tín dụng,1
Công việc thẻ tạm thời không khả thi,1
Công việc và phí,1
Công ước và Điều kiện,1
Cập nhật,1
Cắt Hồ sơ,1
Date and Time,1
Days of the Week,1
Deactivate Account,1
Deactivate Profile,1
Delete,1
Delete Transfer,1
Delete Tài khoản,1
Destination Account Number,1
Destined Username,1
Disable Card,1
Dispute,1
Dispute Center,1
Dịch vụ Khách hàng Hours,1
Dịch vụ khách hàng,1
Email Address Support,1
Email Hỗ trợ,1
Email Inbox hoặc Spam Folder,1
Email support,1
Emergency Hotline,1
Expansion Date,1
Expiry Date,1
Face ID,1
Fee Information,1
Fee Range,1
Financial Services Department,1
Find a ATM,1
Find a Branch,1
Find an ATM,1
Finish,1
First Name,1
Four Digits of Social Security Number,1
Fraud Hotline Number,1
Free Card,1
Freeze,1
Full,1
Gas Stations,1
Giờ hỗ trợ khách hàng,1
Giờ làm việc hỗ trợ khách hàng,1
Google Play Store URL,1
Help & Support,1
Help Center,1
Hiển khoản của người nhận,1
Hiển khoản hướng dẫn,1
Hiển khoản ngân hàng,1
Hiển khoản số,1
Hiện ID,1
Hiện Số Tài khoản,1
Hiện URL của công ty.,1
Hiện dịch email,1
Hiện dịch số,1
Hiện dịch tài khoản,1
Hiện hoạt thẻ,1
Hiện hoạt thẻ của bạn,1
Hiện hỗ trợ khách hàng,1
Hiện hỗ trợ khách hàng Working Hours,1
Hiện hỗ trợ khách hàng.,1
Hiện khoản Dịch vụ khách hàng,1
Hiện khoản Dịch vụ Điện thoại,1
Hiện khoản Hỗ trợ Khách hàng Work Hours,1
Hiện khoản Hỗ trợ Điện thoại,1
Hiện khoản Website của Công ty URL,1
Hiện khoản của bạn,1
Hiện khoản hỗ trợ khách hàng Working Hours,1
Hiện khoản hỗ trợ khách hàng Điện thoại,1
Hiện khoản hỗ trợ khách hàng.,1
Hiện khoản hỗ trợ Điện thoại.,1
Hiện khoản hỗ trợ điện thoại của khách hàng,1
Hiện khoản hỗ trợ điện thoại khách hàng,1
Hiện khoản kiểm tra,1
Hiện khoản thẻ tín dụng,1
Hiện khoản tiết kiệm,1
Hiện khoản Điện thoại.,1
Hiện số,1
Hiện số giao dịch,1
Hiện số tài khoản,1
Hiện số điện thoại hỗ trợ khách hàng,1
Hiện số điện thoại.,1
Hiện ích Web của công ty,1
Hiện ích của công ty URL,1
Hiện ích hỗ trợ khách hàng Work Hours,1
Hiện ích hỗ trợ khách hàng Working Hours,1
Hiện ích khách hàng Điện thoại Số,1
Hiện ích tài chính Điện thoại Số,1
Hiện ích tài chính Địa chỉ Email,1
Hiện ích điện thoại của khách hàng,1
Home Address,1
Home Loan Assistance Team,1
Horh làm việc,1
Hotline Number,1
Hành động hỗ trợ khách hàng,1
Hành động hỗ trợ khách hàng Điện thoại số,1
Hành động thuê nhà,1
Hành động thẻ,1
Hành động thẻ tín dụng,1
Hãy email,1
Hình chuyển khoản hỗ trợ khách hàng Work Hours,1
Hình hỗ trợ khách hàng Điện thoại,1
Hôm giao dịch,1
Hôm hỗ trợ khách hàng Điện thoại số,1
Hôm hỗ trợ kích hoạt quốc tế,1
Hôm hỗ trợ điện thoại kích hoạt quốc tế,1
Hôm làm việc URL của công ty,1
Hôm thanh toán,1
Hệ vụ đặt cọc,1
Học tiền hỗ trợ khách hàng,1
Học tiền mặt,1
Học toán số,1
Học toán địa chỉ email,1
Học vay số tài khoản,1
Học vay số điện thoại,1
Hỗ trợ khách hàng Điện thoại số,1
Hộp email đăng ký,1
Hộp khoản Name,1
Hộp khoản PIN,1
Hộp khoản chuyển khoản,1
Hộp số hướng dẫn,1
Hộp tiền chuyển giao ngân hàng,1
Hộp tiền mặt,1
Hộp tiền mặt Số tài khoản,1
Hộp tiền mặt trên tài khoản,1
Hộp tiền tài khoản,1
Hộp tiền tên,1
Hộp tiền định tuyến,1
Hộp tiền định tuyến ngân hàng,1
Hộp tài khoản chủ tên,1
Hộp điện thoại hỗ trợ khách hàng,1
Hộp đơn cho vay Thời gian xử lý,1
Hộp đơn dịch vụ của công ty URL,1
Hộp đơn dịch vụ điện thoại,1
Hộp đơn hỗ trợ khách hàng,1
Hộp đơn hỗ trợ khách hàng Work Hours,1
Hộp đơn tên,1
Hợp đồng vay,1
Hủy bỏ Trợ giúp,1
Hủy bỏ thông tin liên lạc,1
Hủy bỏ tài khoản,1
Hủy chuyển khoản,1
ID Người dùng,1
ID hợp lệ,1
Identifying Information,1
International Customer Support Phone Number,1
International Support Phone Number,1
Invoices,1
Issuer Website,1
Lan Lẻ,1
Lan lẻ,1
Landlord's Account Number,1
Landlord's Name,1
Last Month,1
Lender Directions,1
Lender's Phone Number,1
Lender's Website URL,1
LendingPlatform.com,1
Live Chat Hỗ trợ,1
Live Chat support,1
Liên hệ với bộ phận dịch vụ khách hàng của ngân hàng của bạn,1
Liên hệ với bộ phận tiền ủng hộ của chúng tôi,1
Liên hệ với chúng tôi,1
Liên hệ với ngân hàng của bạn,1
Liên hệ với phát hành thẻ tín dụng của bạn,1
Loan Application Page,1
Loan Application URL,1
Loan Assistance,1
Loan Assistance Contact Information,1
Loan Assistance Department,1
Loan Assistance Email,1
Loan Bộ,1
Loan Bộ số điện thoại,1
Loan Cancellation Department Work Hours,1
Loan Cancellation Email,1
Loan Cancellation Work Hours,1
Loan Center,1
Loan Confirmation Number,1
Loan Customer Support Email Address,1
Loan Customer Support Phone Number,1
Loan Decision Timeframe,1
Loan Department Website URL,1
Loan Department Working Hours,1
Loan Dịch vụ Bộ,1
Loan Dịch vụ Email Address,1
Loan Dịch vụ Điện thoại số,1
Loan Hỗ trợ Khách hàng Bộ,1
Loan Hỗ trợ Khách hàng Địa chỉ Email,1
Loan Hỗ trợ Số liên hệ,1
Loan Hỗ trợ Số điện thoại,1
Loan Hỗ trợ bộ,1
Loan Hỗ trợ khách hàng Email Địa chỉ,1
Loan Hỗ trợ khách hàng Điện thoại Số,1
Loan Hỗ trợ Điện thoại số,1
Loan Hỗ trợ Địa chỉ Email,1
Loan Hợp đồng Số,1
Loan Hủy bỏ bộ phận,1
Loan Hủy bỏ địa chỉ email,1
Loan Hủy khoản vay,1
Loan Hủy khoản vay Chính sách,1
Loan Hủy khoản vay số điện thoại,1
Loan Hủy khoản vay địa chỉ email,1
Loan Hủy vay,1
Loan Hủy vay số,1
Loan ID ứng dụng,1
Loan Khả năng thanh toán,1
Loan Loan Website,1
Loan Management Account,1
Loan Nhóm Hỗ trợ Khách hàng,1
Loan Nhóm Hỗ trợ Khách hàng Điện thoại Số,1
Loan Nhóm Hỗ trợ Khách hàng Địa chỉ Email,1
Loan Officer Name,1
Loan Officer's Name,1
Loan Payment,1
Loan Payment History,1
Loan Payment Portal,1
Loan Payment Support Contact,1
Loan Provider Phone Number,1
Loan Quản lý Tài khoản,1
Loan Section,1
Loan Support Website,1
Loan Support Working Hours,1
Loan Số Tài khoản,1
Loan Số đơn xin vay,1
Loan Term,1
Loan Thanh toán,1
Loan Thanh toán trợ giúp Số,1
Loan Thông tin,1
Loan Thỏa thuận,1
Loan Time.,1
Loan bộ phận,1
Loan bộ phận Email Address,1
Loan số,1
Loan xử lý Thời gian,1
Loan Ứng dụng,1
Loan Ứng dụng Số Reference,1
Loan Ứng dụng Số tham khảo,1
Loan ứng dụng Reference,1
Loan ứng dụng Số,1
Loan ứng dụng tham chiếu,1
Loan ứng dụng tham khảo,1
LoanCompany.com,1
LoanWebsite.com,1
Loan_,1
Loans,1
Local Branches,1
Locations,1
Lock/Block,1
Lock/Block Card,1
Login Credentials,1
Lost Card Phone Number,1
Lost hoặc Stolen Card Hotline,1
MAT Finder Website,1
MATM,1
Main Branch Address,1
Manage Account,1
Manage Accounts,1
Manage Card,1
Manage Loan,1
Manage My Account,1
Manage My Accounts,1
Manage Payments,1
Manage Transfers,1
Manage Your Account,1
Manage Your Cards,1
Map App,1
Map Website,1
Maps,1
Maps App,1
Maps Website,1
Maps Website URL,1
Mobile Banking App Name,1
Monthly Statements,1
Mortgage Account Portal,1
Mortgage Application,1
Mortgage Application Form,1
Mortgage Assistance Address Email,1
Mortgage Assistance Website URL,1
Mortgage Assistance Work Hours,1
Mortgage Assistance Working Hours,1
Mortgage Bank,1
Mortgage Cancellation Department Work Hours,1
Mortgage Cancellation Working Hours,1
Mortgage Cancellation Điện thoại Số,1
Mortgage Company,1
Mortgage Contact Number,1
Mortgage Customer Service Email,1
Mortgage Customer Service Phone Number,1
Mortgage Department Contact Number,1
Mortgage Department Work Hours,1
Mortgage Dịch vụ Khách hàng,1
Mortgage Dịch vụ Điện thoại số,1
Mortgage Dịch vụ điện thoại,1
Mortgage Email Address,1
Mortgage Email Services,1
Mortgage Helpdesk,1
Mortgage Helpline,1
Mortgage Hỗ trợ Email Address,1
Mortgage Hỗ trợ Điện thoại số,1
Mortgage Hủy bỏ Bộ phận,1
Mortgage Hủy bỏ Email Address,1
Mortgage Hủy bỏ giờ làm việc,1
Mortgage Hủy bỏ số tài khoản,1
Mortgage Hủy bỏ số điện thoại của bộ phận,1
Mortgage Hủy bỏ số điện thoại của bộ phận Email,1
Mortgage Hủy bỏ tiền đặt cọc số điện thoại,1
Mortgage Hủy bỏ địa chỉ email,1
Mortgage Information,1
Mortgage Khách hàng Dịch vụ,1
Mortgage Lender Name,1
Mortgage Loan Company,1
Mortgage Nhà cung cấp dịch vụ,1
Mortgage Nhà cung cấp số điện thoại,1
Mortgage Number,1
Mortgage Pay,1
Mortgage Phone Number,1
Mortgage Provider Customer Support,1
Mortgage Provider Name,1
Mortgage Provider Website,1
Mortgage Provider's,1
Mortgage Providers,1
Mortgage Refinancing Department,1
Mortgage Refinancing Program,1
Mortgage Service Provider,1
Mortgage Service Team,1
Mortgage Services Phone Number,1
Mortgage Services Team,1
Mortgage So sánh Trang web,1
Mortgage Specialist Team,1
Mortgage Specialists,1
Mortgage Support,1
Mortgage Support Website URL,1
Mortgage Thỏa thuận,1
Mortgage Tài khoản số,1
Mortgage Website URL,1
Mortgage amount,1
Mortgage bộ phận giờ làm việc,1
Mortgage date,1
Mortgage Điện thoại số,1
My Amex Dịch vụ Khách hàng Hours,1
My Amex Dịch vụ Điện thoại số,1
My Mortgage Payments,1
My Payments,1
MyBank,1
Mọi thông tin cụ thể hoặc yêu cầu liên quan đến hủy bỏ,1
Name Bank,1
Name User,1
Name của người nhận,1
Name người dùng,1
Name on the Loan Account,1
Name trên Tài khoản bảo hiểm,1
Name trên Tài khoản vay,1
Name tài khoản,1
Name user,1
"Name,Mortgage Account",1
NameBank file to a dispute,1
NameBank's's customer's team,1
Name_Bank,1
Next,1
Ngay khoản ngân hàng,1
Ngày Sinh nhật,1
Ngày cuối 4 của SSN,1
Ngày làm việc Ngân hàng,1
Ngày sinh nhật,1
Ngân hàng Dịch vụ giờ,1
Ngân hàng Hỗ trợ Điện thoại số,1
Ngân hàng Hỗ trợ Điện thoại.,1
Ngân hàng Online Banking.,1
Ngân hàng Website URL,1
Người vay trực tuyến,1
Người vay trực tuyến 1,1
Người vay trực tuyến 2,1
Nhà Người dùng,1
Nhà công ty URL,1
Nhà của người gửi,1
Nhà giao dịch,1
Nhà hỗ trợ khách hàng giờ làm việc,1
Nhà hỗ trợ khách hàng số điện thoại,1
Nhà hỗ trợ khách hàng Điện thoại số,1
Nhà ngân hàng,1
Nhà người dùng tài khoản,1
Nhà nhận,1
Nhà sản phẩm,1
Nhà số tài khoản,1
Nhà sử,1
Nhà địa điểm gần nhất của ngành,1
Nhà định,1
Nhân số người dùng,1
Nhân viên,1
Nhình số trợ giúp khẩn cấp,1
Nhình yêu cầu,1
Nhạc Amount,1
Nhạc Công ty,1
Nhạc Hỗ trợ Khách hàng,1
Nhạc ID,1
Nhạc Liên minh tín dụng,1
Nhạc Tài khoản người dùng,1
Nhạc dịch vụ khách hàng,1
Nhạc giao dịch,1
Nhạc hỗ trợ khách hàng Điện thoại,1
Nhạc khách hàng,1
Nhạc liên quan đến tài khoản,1
Nhạc máy ATM,1
Nhạc người nhận,1
Nhạc sử dụng,1
Nhạc thẻ,1
Nhạc thẻ người dùng,1
Nhạc tài khoản của bạn,1
Nhạc tài khoản ngân hàng,1
Nhạc Điện thoại Hỗ trợ Khách hàng,1
Nhạc điện thoại,1
Nhạc điện tử,1
Nhạc đơn,1
Nhạc đơn hàng,1
Nhạc ứng dụng,1
Nhạc ứng dụng hỗ trợ,1
Những người dùng,1
Nome tài khoản,1
Number Account,1
Number Hướng dẫn,1
Number Routing Bank,1
Number Tài khoản,1
Number Tài khoản Người nhận,1
Number tài khoản ngân hàng,1
Nô số Tài khoản Ngân hàng,1
Nữ người dùng,1
One-Time Password (OTP),1
Online Banking Portal URL,1
Online Card Services,1
Online Chat Hỗ trợ,1
Online Lender,1
PIN,1
POT,1
Partnerks,1
Password Reset,1
Password Setup,1
Payment & Billing,1
Payment Records,1
Payment Section,1
Payment Summary,1
"Payment""",1
Peer-to-Peer-Peer Platforms,1
Personal Identification Information,1
Personal Information,1
Phone Call,1
Phone Support:,1
Profil của tôi,1
Profile Management,1
Profile Name,1
Profile Settings,1
Profile Username,1
Reason for Cancellation,1
Recipient Name,1
Recipient's Name,1
Refinancing bộ,1
Rent Amount,1
Report Lost/Stolen Card,1
Report a Problem,1
Request Card Closure,1
Reset,1
Response Time.,1
Reverse,1
Revoke,1
Save Changes,1
Savings,1
Security Settings,1
Sender's Information,1
Sender's Name,1
Set New Password,1
Set Up Password,1
Settings Account,1
Settings Profile,1
Settings Security,1
Shipping Address,1
Social Media Platform.,1
Social Media Profile Name,1
Social Media Support,1
Specific Inquiry,1
Specific Issue,1
Sport,1
Sport Email Address,1
Standard Response Time,1
Statements,1
Stop,1
Supdate,1
Supmit,1
Support Information.,1
Supporting Hours.,1
Suspend Card,1
Sản khoản chuyển khoản,1
Sản phần thanh toán,1
Số bảo mật xã hội,1
Số điện thoại Ngân hàng,1
TID khách hàng,1
Talk to a Agent,1
Talk to a Human,1
Talk to an Agent,1
Tan tích các lựa chọn khác,1
Tan tích các điều khoản tiền ủng hộ của bạn,1
Tay ngày sinh,1
Telephone,1
Telephone Banking Number,1
Telephone Support Number,1
Telephone dịch vụ khách hàng,1
Telephone số dịch vụ khách hàng,1
Temporally Disable Card,1
Temporary Freeze,1
Thanh giao dịch,1
Thanh giao dịch Date,1
Thanh giao dịch ngày,1
Thanh toán khoản vay,1
Thank ID,1
Thanks Account,1
Thanks Recent,1
Third-party Mapping App,1
Thiên thông tin cá nhân,1
Thiết kế liên lạc,1
Thiết minh về bản sắc,1
Thiết minh về bản thân,1
Thiết minh về chỗ ở,1
Thiết tiết thanh toán,1
Thiết tắt tài khoản,1
Thiết định dạng,1
Thiết định địa chỉ,1
Thiện hỗ trợ điện thoại khách hàng,1
Thuyên định,1
Thuyên định tài khoản,1
Thuyết dịch,1
Thuyết minh Website của công ty URL,1
Thuyết toán,1
Thuyết định,1
Thuyền Web của công ty URL,1
Thuyền hỗ trợ khách hàng URL,1
Thuế Tài khoản hàng tháng,1
Thuế Tăng,1
Thông tin Tài khoản của người nhận,1
Thông tin email của khách hàng,1
Thông tin giao dịch,1
Thông tin hỗ trợ khách hàng URL,1
Thông tin hỗ trợ khách hàng Working Hours,1
Thông tin hỗ trợ khách hàng Điện thoại số,1
Thông việc ngày,1
Thông việc số,1
Thị trí Trang web của Công ty URL,1
Thỏa thuận Ngày và Thời gian,1
Thời gian thanh toán,1
Thời gian xử lý,1
Tin tức dịch vụ email,1
Tin tức dịch vụ khách hàng,1
Tin tức thẻ tín dụng,1
Touch ID,1
Trang Hỗ trợ Khách hàng,1
Trang Hỗ trợ Khách hàng Working Hours,1
Trang Ngân hàng Trang web,1
Trang Ngân hàng trực tuyến,1
Trang Ngân hàng trực tuyến của Ngân hàng,1
Trang Ngân hàng Điện thoại di động App,1
Trang Tài chính,1
Trang Tài khoản,1
Trang chủ Trang web,1
Trang của tôi,1
Trang dịch,1
Trang dịch vụ Ngân hàng,1
Trang dịch vụ URL,1
Trang dịch vụ bảo mật,1
Trang dịch vụ chuyển khoản,1
Trang dịch vụ chuyển khoản tiền.,1
Trang dịch vụ hỗ trợ,1
Trang dịch vụ khách hàng của Ngân hàng,1
Trang dịch vụ một thời gian,1
Trang dịch vụ quốc tế,1
Trang dịch vụ tiền,1
Trang dịch vụ tài chính,1
Trang dịch vụ tài chính của người sở hữu tài khoản,1
Trang dịch vụ Điện thoại số,1
Trang dịch vụ điện thoại số,1
Trang dịch vụ_,1
Trang hoặc Trang web,1
Trang hỗ trợ khách hàng,1
Trang hỗ trợ khách hàng Số điện thoại,1
Trang hỗ trợ khách hàng Working Hours,1
Trang ngân hàng Tài khoản Số,1
Trang tài khoản,1
Trang tín dụng,1
Trang web công ty URL,1
Trang web của Google Play,1
Trang web hỗ trợ khách hàng,1
Trang web hỗ trợ khách hàng Email,1
Trang web hỗ trợ khách hàng số,1
Trang web hỗ trợ khách hàng Điện thoại số,1
Trang web ngân hàng URL,1
Trang địa phương 1,1
Trang địa phương 2,1
Trang địa phương 3,1
Transaction Pin,1
Transaction Records,1
Transaction Reference Number,1
Trung dịch vụ tài khoản,1
Trung tâm Ngân hàng,1
Trung web của công ty,1
Trung web của công ty URL,1
Truyện Tranh Mới,1
Trò chuyện trực tiếp URL của công ty,1
Trực tuyến URL,1
Tuyết của tuần,1
Tuyền của tôi,1
Tuyền hỗ trợ khách hàng Số điện thoại,1
Tuyền hỗ trợ khách hàng URL,1
Tuyền hỗ trợ khách hàng Working Hours,1
Tuyền tổng quát tài khoản,1
Two-Factor Authentication.,1
Type của khoản vay,1
Type giao dịch,1
Tài URL của Công ty,1
Tài dịch vụ Khách hàng,1
Tài giờ làm việc,1
Tài hoạt động,1
Tài hỗ trợ khách hàng Work Hours,1
Tài hỗ trợ khách hàng hoặc qua trang web chat trực tiếp,1
Tài khoản Thông tin,1
Tài khoản URL của trang web của công ty,1
Tài khoản chuyển khoản ID/Tài khoản chuyển khoản,1
Tài khoản chuyển khoản chi tiết,1
Tài khoản hỗ trợ khách hàng Working Hours,1
Tài khoản hỗ trợ khách hàng hoặc qua trang web Live Chat,1
Tài khoản lịch sử,1
Tài khoản ngân hàng,1
Tài khoản thanh toán,1
Tài khoản thông tin,1
Tài khoản thông tin ngân hàng,1
Tài khoản thẻ,1
Tài khoản tín dụng,1
Tài liệu Quản lý,1
Tài liệu Tài chính,1
Tài liệu hỗ trợ khách hàng,1
Tài liệu sử dụng quốc tế,1
Tài liệu tài chính,1
Tài liệu tài khoản,1
Tài liệu và phí,1
Tài liệu đăng ký,1
Tài làm việc hỗ trợ khách hàng,1
Tài số điện thoại của bộ ngoại giao,1
Tài web công ty URL,1
Tài web của công ty URL,1
Tài điện thoại Hỗ trợ Khách hàng,1
Tài điện thoại Hỗ trợ Khách hàng Work Hours,1
Tài điện thoại của Công ty URL,1
Tài điện thoại của bộ phận gian lận,1
Tài điện thoại hỗ trợ khách hàng Working Hours,1
Tài điện thoại kích hoạt,1
Tên Công ty URL trang web,1
Tên Công ty Website URL,1
Tên Hỗ trợ Điện thoại.,1
Tên ID tài khoản,1
Tên Lịch sử thanh toán,1
Tên Tài khoản,1
Tên Xem Thanh toán,1
Tên chuyển giao Số chuyển giao,1
Tên cuối,1
Tên của Người gửi,1
Tên của bạn,1
Tên của người gửi,1
Tên hết hạn,1
Tên hỗ trợ khách hàng Ngân hàng,1
Tên hỗ trợ khách hàng Điện thoại số,1
Tên hỗ trợ điện thoại số,1
Tên ngân hàng App,1
Tên người dùng / ID Tài khoản,1
Tên số,1
Tên số dịch vụ,1
Tên số email hỗ trợ khách hàng,1
Tên số liên hệ,1
Tên số điện thoại,1
Tên số điện thoại hỗ trợ khách hàng,1
Tên sử dụng URL của công ty,1
Tên sử dụng URL của trang web của công ty,1
Tên sử dụng số điện thoại hỗ trợ khách hàng,1
Tên thuê,1
Tên thẻ kích hoạt,1
Tên tài khoản ngân hàng,1
Tên tài khoản và Thời gian của giao dịch,1
Tên đầy đủ của bạn,1
Tên định vị Ngân hàng,1
Tìm ATM số điện thoại khách hàng,1
Tìm hiểu tình hình,1
Tìm kiếm số,1
Tìm một ATM,1
Tình lý hủy bỏ,1
Tình sinh ngày,1
Tín dụng thẻ #1,1
Tín dụng thẻ #2,1
Tín dụng thẻ #3,1
Tín dụng tài khoản ID,1
Tín số ID,1
Tín số Reference Mortgage,1
Tín số Tài khoản Ngân hàng,1
Tín số Tài khoản vay tiền,1
Tín số Tài khoản ảo,1
Tín số chuyển ID,1
Tín số chuyển đổi,1
Tín số nhận dạng chuyển giao,1
Tín số tham khảo,1
Tín số tài khoản vay,1
Tín số tài khoản vay tiền,1
Tính hệ số,1
Tính khoản Hỗ trợ Khách hàng,1
Tính khoản Tài khoản Người dùng,1
Tính khoản URL của Công ty,1
Tính khoản URL của công ty,1
Tính khoản của tôi,1
Tính khoản hỗ trợ khách hàng,1
Tính khoản hỗ trợ khách hàng Work Hours,1
Tính khoản hỗ trợ khách hàng Điện thoại,1
Tính năng liên lạc được yêu thích,1
Tính toán,1
Tính toán của tôi,1
Tính toán tài chính,1
Tóm tắt tài khoản,1
Tăng ID,1
Tăng cường điện thoại giờ làm việc,1
Tăng cường điện thoại số điện thoại khách hàng,1
Tăng trợ dịch vụ khách hàng của chúng tôi đến bạn,1
Tăng trợ khách hàng số điện thoại,1
Tăng trợ khách hàng tại,1
Tất cả Tên,1
Tất cả các chi tiết thêm,1
Tất cả số tài khoản,1
Tập chi tiết tài khoản,1
Tập chuyển giao tổng hợp,1
Tập chuyển khoản,1
Tập chuyển lịch,1
Tập dịch gần đây,1
Tập dịch lịch sử,1
Tập dịch vụ cụ thể,1
Tập dịch vụ khách hàng Email,1
Tập hoạt động tài khoản,1
Tập khoản Tài khoản,1
Tập lịch chuyển khoản,1
Tập lịch giao dịch mới,1
Tập lịch sử chuyển khoản,1
Tập lịch sử giao dịch,1
Tập lịch sử hỗ trợ khách hàng,1
Tập lịch tài khoản,1
Tập lịch đơn,1
Tập nhật,1
Tập nhật chuyển giao,1
Tập nhật của Công ty,1
Tập nhật của Công ty URL,1
Tập nhật của tôi,1
Tập nhật giờ,1
Tập nhật hỗ trợ khách hàng,1
Tập nhật ngày,1
Tập nhật năm,1
Tập nhật rút tiền,1
Tập nhật sinh nhật,1
Tập nhật thanh toán tiền mặt,1
Tập nhật thẻ,1
Tập nhật tài khoản của bạn,1
Tập nhật địa chỉ email,1
Tập toán của tôi,1
Tập toán hỗ trợ khách hàng số điện thoại,1
Tập toán tiền mặt,1
Tập toán tài khoản,1
Tập việc,1
Tập xem thanh toán,1
Tổng thông tin nhận dạng,1
Từ ngày của tuần,1
Tỷ lệ,1
Tỷ lệ giao dịch ID,1
Tỷ lệ phí hàng năm,1
URL Trang web của Ngân hàng,1
URL Website,1
URL Website của công ty,1
URL của Công ty.,1
URL của công ty,1
URL trang web của bạn,1
Undo,1
Unique Username,1
User ID,1
View Activity,1
View Card Balance,1
View Current Balance,1
View Mortgage Payment,1
View Mortgage Payment Summary,1
View Thanh toán tiền mặt,1
View Tài khoản Fees,1
Visa Customer Support,1
Visa Dịch vụ Khách hàng,1
Visa Dịch vụ Khách hàng Contact Number,1
Visa Số hỗ trợ khách hàng,1
Website Chat,1
Wire Transfer,1
Withdrawal Amount,1
Yelp,1
Your Apartment Number hoặc bất kỳ thông báo nào khác được cung cấp bởi landlord,1
ZIP Code,1
amount,1
bank,1
bank account details,1
companywebsite.com,1
custom_service_service,1
customer_service_email,1
công khoản truyền thông xã hội,1
công ty,1
công việc,1
date,1
email tài khoản,1
hỗ trợ khách hàng Work Hours,1
mount,1
phone,1
routing,1
support@example.com,1
số tài khoản,1
thiết định tài khoản,1
thỏa thuận ngày,1
thỏa thuận ngày/giờ,1
thỏa thuận số,1
thỏa thuận số tiền,1
time,1
trang web chính thức của Visa,1
transaction ID,1
transfer reference number,1
tài khoản ngân hàng,1
tên email,1
tên kết thúc ngày,1
tên ngân hàng,1
tên thương mại,1
tên thẻ,1
tên tài khoản,1
tên đường dẫn,1
tình lý,1
tín dụng 3 tháng cuối,1
tín dụng ID,1
tín dụng cá nhân hoặc thu hồi thuế,1
tín số người dùng,1
website URL,1
www.companywebsite.com,1
www.example.com,1
Đi số tài khoản,1
Điều An ninh Xã hội,1
Điều Dashboard tài khoản,1
Điều Dịch vụ,1
Điều Email Hỗ trợ khách hàng,1
Điều Email của tài khoản,1
Điều Email đăng ký,1
Điều Giao dịch,1
Điều Hỗ trợ Khách hàng Working Hours,1
Điều ID người dùng,1
Điều ID tài khoản,1
Điều Người dùng,1
Điều Pass-Time,1
Điều Số Bảo mật Xã hội,1
Điều Số Tài khoản,1
Điều Số Tài khoản thuê nhà,1
Điều Số thẻ tín dụng,1
Điều Tài chính,1
Điều Tài khoản Hủy bỏ,1
Điều Tài khoản của Người giữ,1
Điều Tài khoản của Người gửi,1
Điều Tài khoản vay,1
Điều Tài khoản vay đòi,1
Điều Tài khoản ảo,1
Điều Tài khoản ủng hộ,1
Điều Tài sản,1
Điều Tên Người nhận,1
Điều URL Trang web AMEX,1
Điều URL Trang web Công ty,1
Điều URL của Người dùng,1
Điều URL của Trang web của Công ty,1
Điều URL của công ty,1
Điều URL trang web,1
Điều User,1
Điều bảo mật xã hội,1
Điều chi tiết nhận dạng cá nhân,1
Điều chuyển,1
Điều chuyển ID hoặc Số tham chiếu,1
Điều chuyển khoản ID,1
Điều chuyển khoản Reference,1
Điều chuyển khoản có lợi,1
Điều chuyển khoản của người nhận,1
Điều chuyển khoản hoặc Điều chuyển khoản,1
Điều chuyển khoản ngân hàng Reference Number,1
Điều chuyển nhượng Reference,1
Điều chào mừng,1
Điều của người nhận,1
Điều dịch vụ khách hàng Email,1
Điều email của dịch vụ khách hàng,1
Điều email của họ,1
Điều email của tài khoản,1
Điều email dịch vụ khách hàng của bạn,1
Điều email hỗ trợ khách hàng của bạn,1
Điều email tài khoản,1
Điều giờ làm việc Hỗ trợ Khách hàng,1
Điều hướng dẫn,1
Điều hỗ trợ Khách hàng Hours Working,1
Điều hỗ trợ Khách hàng Điện thoại,1
Điều hỗ trợ khách,1
Điều hỗ trợ khách hàng Email Address,1
Điều hỗ trợ khách hàng Email Địa chỉ,1
Điều hỗ trợ khách hàng Website,1
Điều hỗ trợ khách hàng Work Hours,1
Điều hỗ trợ khách hàng của chúng tôi URL,1
Điều hỗ trợ khách hàng của chúng tôi.,1
Điều hỗ trợ khách hàng Điện thoại số,1
Điều hỗ trợ điện thoại,1
Điều hỗ trợ điện thoại của khách hàng.,1
Điều hỗ trợ điện thoại khách hàng,1
Điều hỗ trợ điện thoại khách hàng.,1
Điều hợp đồng thuê,1
Điều khoản,1
Điều khoản Hỗ trợ Khách hàng Website,1
Điều khoản Hỗ trợ Khách hàng Điện thoại,1
Điều khoản hỗ trợ của chúng tôi,1
Điều khoản hỗ trợ khách hàng Email,1
Điều khoản hỗ trợ khách hàng Working Hours,1
Điều khoản hỗ trợ khách hàng Điện thoại,1
Điều khoản liên hệ,1
Điều khoản vay của bạn,1
Điều khoản vay và số điện thoại hỗ trợ khách hàng,1
Điều khoản điện thoại của bộ phận ôn,1
"Điều khoản,",1
Điều kiện,1
Điều kiện của bạn và lý do của việc hủy bỏ tiền gửi của bạn,1
Điều kiện hỗ trợ khách hàng Email,1
Điều kiện hỗ trợ khách hàng Work Hours,1
Điều kiện hỗ trợ khách hàng Điện thoại,1
Điều kiện thẻ Lost/Stolen Card,1
Điều kiện thẻ tín dụng,1
Điều kích hoạt Điện thoại,1
Điều liên hệ,1
Điều liên hệ của bạn và địa chỉ điện thoại của bạn,1
Điều liên hệ trực tuyến,1
"Điều liên lạc, thông tin liên lạc và chi tiết tài khoản bảo hiểm",1
Điều lịch sử thanh toán,1
Điều mật mã,1
Điều quản lý thẻ,1
Điều quản lý thẻ tín dụng,1
Điều số Bảo mật Xã hội Cuối cùng,1
Điều số Cuối cùng,1
Điều số Hỗ trợ Khách hàng Điện thoại,1
Điều số Tài khoản Loan,1
Điều số Tài khoản thuê nhà,1
Điều số tài khoản hủy bỏ tài khoản,1
Điều số điện thoại của bộ phận hủy bỏ tài khoản,1
Điều số điện thoại dịch vụ khách hàng của bạn,1
Điều tham chiếu vay,1
Điều tham khảo của Loan,1
Điều thẻ tín dụng,1
Điều thời gian,1
Điều tiền gửi một thời gian,1
Điều tiền mặt,1
Điều trên Tài khoản thuê nhà,1
Điều tài khoản của chủ sở hữu,1
Điều tài khoản gửi,1
Điều tài khoản hủy bỏ,1
Điều tài khoản thuê nhà,1
Điều tài khoản tiền gửi của bạn,1
Điều tài khoản tài khoản tài khoản,1
Điều tài khoản vay,1
Điều tài khoản/IBAN,1
Điều tài liệu nhận dạng,1
Điều tài liệu nhận dạng cá nhân,1
Điều tài sản chứng minh,1
Điều tên của người nhận,1
Điều tín dụng thẻ tín dụng,1
Điều web của bạn,1
Điều web của công ty,1
Điều xác thực sinh học,1
Điều Điện thoại Hỗ trợ khách hàng,1
Điều điện thoại của công ty,1
Điều điện thoại của đại diện hủy bỏ,1
Điều điện thoại hỗ trợ khách hàng Email,1
Điều điện thoại hỗ trợ khách hàng Working Hours,1
Điều điện thoại hỗ trợ khách hàng của họ,1
Điều điện thoại hỗ trợ quốc tế,1
Điều điện thoại.,1
Điều đăng ký của bạn,1
Điều đơn Email,1
Điều đơn yêu cầu hủy tiền,1
Điều đặt cọc,1
Điều địa chỉ Email Tài khoản,1
Điều địa chỉ của sở hữu,1
Điều địa chỉ tài sản,1
Điều/Điều dịch vụ,1
Điểm Email Hỗ trợ Khách hàng,1
Điểm Hỗ trợ Khách hàng,1
Điểm Thông tin cá nhân,1
Điểm Tài khoản của bạn,1
Điểm Tài khoản của tôi,1
Điểm URL Trang web của Công ty,1
Điểm URL của Công ty,1
Điểm email,1
Điểm email hủy bỏ khoản vay,1
Điểm hỗ trợ Công ty vay,1
Điểm hỗ trợ khách hàng Email Địa chỉ,1
Điểm hỗ trợ khách hàng Work Hours,1
Điểm hỗ trợ khách hàng cho vay,1
Điểm hỗ trợ khách hàng giờ làm việc,1
Điểm hỗ trợ khách hàng Điện thoại,1
Điểm hỗ trợ điện thoại khách hàng,1
Điểm hủy bỏ Email,1
Điểm hủy bỏ khoản vay,1
Điểm hủy bỏ khoản vay của bạn,1
Điểm hủy bỏ tiền gửi,1
Điểm hủy bỏ điện thoại,1
Điểm hủy vay,1
Điểm mật khẩu,1
Điểm số Tài khoản vay của bạn,1
Điểm số tài khoản ảo,1
Điểm số đơn hàng,1
Điểm toán,1
Điểm toán Lịch sử,1
Điểm toán Platform,1
Điểm toán chi tiết,1
Điểm toán hỗ trợ khách hàng,1
Điểm toán ngày,1
Điểm tài khoản cho vay,1
Điểm tài khoản của bạn,1
Điểm Điện thoại Hỗ trợ Khách hàng,1
Điểm điện thoại của bộ phận hủy bỏ tiền gửi,1
Điểm điện thoại hỗ trợ khách hàng,1
Điểm điện thoại hủy bỏ,1
Điển khoản Chủ tên,1
Điện Email Tài khoản,1
Điện Email Đăng ký,1
Điện Lịch sử Điện,1
Điện Now,1
Điện URL Website của Công ty,1
Điện email đăng ký với tài khoản,1
Điện hỗ trợ điện thoại,1
Điện số tài khoản,1
Điện tích Hỗ trợ Điện thoại,1
Điện tích Website của công ty,1
Điện web của công ty URL,1
Điện ích Trang web của Công ty,1
Điện ích Website của Công ty,1
Điện ích Website của công ty URL,1
Điện ích của công ty,1
Điện ích Điện thoại khách hàng,1
Điệp web của công ty URL,1
Đánh giá chuyển giao,1
Đăng ký,1
Đăng ký Website của Công ty URL,1
Đăng ký người dùng,1
Đăng ký tài khoản,1
Đăng trợ điện thoại,1
Đăng ứng hỗ trợ khách hàng Điện thoại số,1
Được 4 số thẻ tín dụng,1
Đại giao ảo,1
Đại giao ảo số điện thoại,1
Đại giao ảo tài chính,1
Đại giao ảo địa chỉ email,1
Đại phòng hủy bỏ,1
Đại phòng hủy bỏ email,1
Đại phòng hủy bỏ khoản vay,1
Đại phòng hủy bỏ số điện thoại,1
Đặt email dịch vụ khách hàng,1
Đặt email hỗ trợ khách hàng,1
Đặt hàng,1
Đặt hàng ID,1
Đặt hàng hỗ trợ email,1
Đặt hàng số,1
Đặt hàng tổng hợp,1
Đặt hủy dịch vụ,1
Đặt hủy dịch vụ email,1
Đặt hủy dịch vụ số điện thoại,1
Đặt hủy tài khoản số,1
Đặt hủy tài liệu,1
Đặt vé ID,1
Đến đến Cài đặt Tài khoản của bạn,1
Địa chỉ Email,1
Địa chỉ email,1
Độ ID giao dịch,1
Độ ngày,1
Độ số Tài khoản Ngân hàng của bạn,1
Độ số chuyển khoản,1
Độ số tài khoản,1
Đội Hỗ trợ,1
Đội Hỗ trợ Email Địa chỉ,1
Đội Hỗ trợ Điện thoại,1
Đội giải quyết tranh chấp,1
Đội hỗ trợ email,1
Đội hỗ trợ khách hàng giờ làm việc,1
Đội hỗ trợ điện thoại khách hàng,1
Độm Card,1
Độm Tài khoản,1
địa chỉ email đăng ký,1
địa chỉ tài sản,1
độ số bảo hiểm xã hội của bạn,1
độ số tài khoản thuê nhà,1
độ số tài khoản vay,1
độ thẻ chủ,1
độ thẻ tín dụng của bạn,1
