label,anchor_key
Tên tài khoản và Thời gian của giao dịch,ACCOUNT_ACTIVITY_INFO
My Transactions,ACCOUNT_ACTIVITY_INFO
Thông tin giao dịch,ACCOUNT_ACTIVITY_INFO
Transaction,ACCOUNT_ACTIVITY_INFO
Transactions,ACCOUNT_ACTIVITY_INFO
Tên giao dịch,ACCOUNT_ACTIVITY_INFO
View Activity,ACCOUNT_ACTIVITY_INFO
Hiện số giao dịch,ACCOUNT_ACTIVITY_INFO
Hôm giao dịch,ACCOUNT_ACTIVITY_INFO
Nhà giao dịch,ACCOUNT_ACTIVITY_INFO
Nhạc giao dịch,ACCOUNT_ACTIVITY_INFO
Recent Transactions,ACCOUNT_ACTIVITY_INFO
TID giao dịch,ACCOUNT_ACTIVITY_INFO
Thanh giao dịch,ACCOUNT_ACTIVITY_INFO
Thiện giao dịch,ACCOUNT_ACTIVITY_INFO
Transaction Amount,ACCOUNT_ACTIVITY_INFO
Transaction Date,ACCOUNT_ACTIVITY_INFO
Transaction Details,ACCOUNT_ACTIVITY_INFO
Transaction History,ACCOUNT_ACTIVITY_INFO
Transaction ID,ACCOUNT_ACTIVITY_INFO
Transaction Records,ACCOUNT_ACTIVITY_INFO
Type giao dịch,ACCOUNT_ACTIVITY_INFO
Tập nhật giao dịch,ACCOUNT_ACTIVITY_INFO
View Recent Activity,ACCOUNT_ACTIVITY_INFO
transaction ID,ACCOUNT_ACTIVITY_INFO
Điều Giao dịch,ACCOUNT_ACTIVITY_INFO
Điều giao dịch,ACCOUNT_ACTIVITY_INFO
Công số Giao dịch Reference,ACCOUNT_ACTIVITY_INFO
Thanh giao dịch Date,ACCOUNT_ACTIVITY_INFO
Thanh giao dịch ngày,ACCOUNT_ACTIVITY_INFO
Tập lịch giao dịch,ACCOUNT_ACTIVITY_INFO
Tập trình giao dịch,ACCOUNT_ACTIVITY_INFO
Điều ID giao dịch,ACCOUNT_ACTIVITY_INFO
Điều giao dịch ID,ACCOUNT_ACTIVITY_INFO
Độ ID giao dịch,ACCOUNT_ACTIVITY_INFO
Thanh Lịch sử giao dịch,ACCOUNT_ACTIVITY_INFO
Thanh lịch sử giao dịch,ACCOUNT_ACTIVITY_INFO
Tập lịch giao dịch mới,ACCOUNT_ACTIVITY_INFO
Tập lịch sử giao dịch,ACCOUNT_ACTIVITY_INFO
Tỷ lệ giao dịch ID,ACCOUNT_ACTIVITY_INFO
Balance,ACCOUNT_BALANCE_INFO
Check Balance,ACCOUNT_BALANCE_INFO
Current Balance,ACCOUNT_BALANCE_INFO
View Balance,ACCOUNT_BALANCE_INFO
View Current Balance,ACCOUNT_BALANCE_INFO
Online Banking Platform,ACCOUNT_LOGIN_URL
Online Banking Portal,ACCOUNT_LOGIN_URL
Login,ACCOUNT_LOGIN_URL
Banking,ACCOUNT_LOGIN_URL
Banking Customer Support,ACCOUNT_LOGIN_URL
Customer Service Online,ACCOUNT_LOGIN_URL
Login Credentials,ACCOUNT_LOGIN_URL
Login Page,ACCOUNT_LOGIN_URL
Banking App,ACCOUNT_LOGIN_URL
Mobile Banking,ACCOUNT_LOGIN_URL
Online Lender,ACCOUNT_LOGIN_URL
Banking App Name,ACCOUNT_LOGIN_URL
Banking Mobile App,ACCOUNT_LOGIN_URL
Mobile Banking App,ACCOUNT_LOGIN_URL
Online Lender 1,ACCOUNT_LOGIN_URL
Online Lender 2,ACCOUNT_LOGIN_URL
Mobile Banking App Name,ACCOUNT_LOGIN_URL
Ngân hàng Online Banking.,ACCOUNT_LOGIN_URL
Bank Customer Service Number,ACCOUNT_NUMBER_FIELD
Bank Customer Support Number,ACCOUNT_NUMBER_FIELD
Card Customer Service Number,ACCOUNT_NUMBER_FIELD
Cards Number,ACCOUNT_NUMBER_FIELD
Cart Number,ACCOUNT_NUMBER_FIELD
Ccount Number,ACCOUNT_NUMBER_FIELD
Conta Number,ACCOUNT_NUMBER_FIELD
Contact Number,ACCOUNT_NUMBER_FIELD
Contact Support Number,ACCOUNT_NUMBER_FIELD
Credit Number,ACCOUNT_NUMBER_FIELD
Custom Support Number,ACCOUNT_NUMBER_FIELD
Customer Support Website Number,ACCOUNT_NUMBER_FIELD
Customer Website Support Number,ACCOUNT_NUMBER_FIELD
Loan Number,ACCOUNT_NUMBER_FIELD
Mortgage Number,ACCOUNT_NUMBER_FIELD
Number Order,ACCOUNT_NUMBER_FIELD
Order Number,ACCOUNT_NUMBER_FIELD
Tranaction Number,ACCOUNT_NUMBER_FIELD
Transaction Number,ACCOUNT_NUMBER_FIELD
Account Access,ACCOUNT_NUMBER_FIELD
Account Charges,ACCOUNT_NUMBER_FIELD
Account Credentials,ACCOUNT_NUMBER_FIELD
Account Dashboard,ACCOUNT_NUMBER_FIELD
Account Details,ACCOUNT_NUMBER_FIELD
Account Fees,ACCOUNT_NUMBER_FIELD
Account ID,ACCOUNT_NUMBER_FIELD
Account Information,ACCOUNT_NUMBER_FIELD
Account Login,ACCOUNT_NUMBER_FIELD
Account Management,ACCOUNT_NUMBER_FIELD
Account Overview,ACCOUNT_NUMBER_FIELD
Account Recovery,ACCOUNT_NUMBER_FIELD
Account Services,ACCOUNT_NUMBER_FIELD
Account Settings,ACCOUNT_NUMBER_FIELD
Account Summary,ACCOUNT_NUMBER_FIELD
Account Username,ACCOUNT_NUMBER_FIELD
Bank Account,ACCOUNT_NUMBER_FIELD
Cancel Account,ACCOUNT_NUMBER_FIELD
Cancell Account,ACCOUNT_NUMBER_FIELD
Checking Account,ACCOUNT_NUMBER_FIELD
Close Account,ACCOUNT_NUMBER_FIELD
Close Tài khoản,ACCOUNT_NUMBER_FIELD
Create Account,ACCOUNT_NUMBER_FIELD
Credit Account,ACCOUNT_NUMBER_FIELD
Customer Banking Account,ACCOUNT_NUMBER_FIELD
Các số tài khoản,ACCOUNT_NUMBER_FIELD
Công số Tài khoản,ACCOUNT_NUMBER_FIELD
Công số Tài khoản Người nhận,ACCOUNT_NUMBER_FIELD
Công số Tài khoản của Người nhận,ACCOUNT_NUMBER_FIELD
Công số Tài khoản của người nhận,ACCOUNT_NUMBER_FIELD
Công số thông tin tài khoản của người nhận,ACCOUNT_NUMBER_FIELD
Công số tài khoản,ACCOUNT_NUMBER_FIELD
Công tin Tài khoản của người nhận,ACCOUNT_NUMBER_FIELD
Cắt Tài khoản,ACCOUNT_NUMBER_FIELD
Cắt tài khoản,ACCOUNT_NUMBER_FIELD
Deactivate Account,ACCOUNT_NUMBER_FIELD
Delete Account,ACCOUNT_NUMBER_FIELD
Delete Tài khoản,ACCOUNT_NUMBER_FIELD
Hiện Số Tài khoản,ACCOUNT_NUMBER_FIELD
Hiện số tài khoản,ACCOUNT_NUMBER_FIELD
Học tài khoản,ACCOUNT_NUMBER_FIELD
Loan Account,ACCOUNT_NUMBER_FIELD
Loan Số Tài khoản,ACCOUNT_NUMBER_FIELD
Loan Số tài khoản,ACCOUNT_NUMBER_FIELD
Loan Tài khoản,ACCOUNT_NUMBER_FIELD
Loan Tài khoản số,ACCOUNT_NUMBER_FIELD
Manage Account,ACCOUNT_NUMBER_FIELD
Manage My Account,ACCOUNT_NUMBER_FIELD
Manage Your Account,ACCOUNT_NUMBER_FIELD
Mortgage Account,ACCOUNT_NUMBER_FIELD
Mortgage Tài khoản Số,ACCOUNT_NUMBER_FIELD
Mortgage Tài khoản số,ACCOUNT_NUMBER_FIELD
Name tài khoản,ACCOUNT_NUMBER_FIELD
Nhà người dùng tài khoản,ACCOUNT_NUMBER_FIELD
Nhà số tài khoản,ACCOUNT_NUMBER_FIELD
Nhà tài khoản,ACCOUNT_NUMBER_FIELD
Nhạc Tài khoản,ACCOUNT_NUMBER_FIELD
Nhạc Tài khoản người dùng,ACCOUNT_NUMBER_FIELD
Nhạc tài khoản,ACCOUNT_NUMBER_FIELD
Nhạc tài khoản người nhận,ACCOUNT_NUMBER_FIELD
Nome tài khoản,ACCOUNT_NUMBER_FIELD
Nó Tài khoản,ACCOUNT_NUMBER_FIELD
Settings Account,ACCOUNT_NUMBER_FIELD
Số tài khoản của bạn,ACCOUNT_NUMBER_FIELD
Thanks Account,ACCOUNT_NUMBER_FIELD
Trang Tài khoản,ACCOUNT_NUMBER_FIELD
Trang tài khoản,ACCOUNT_NUMBER_FIELD
Type Tài khoản,ACCOUNT_NUMBER_FIELD
Tài khoản của tôi,ACCOUNT_NUMBER_FIELD
Tài liệu tài khoản,ACCOUNT_NUMBER_FIELD
Tài đặt tài khoản,ACCOUNT_NUMBER_FIELD
Tên ID tài khoản,ACCOUNT_NUMBER_FIELD
Tên người dùng / ID Tài khoản,ACCOUNT_NUMBER_FIELD
Tín dụng tài khoản ID,ACCOUNT_NUMBER_FIELD
Tín số Tài khoản Loan,ACCOUNT_NUMBER_FIELD
Tín số Tài khoản ảo,ACCOUNT_NUMBER_FIELD
Tín số tài khoản vay,ACCOUNT_NUMBER_FIELD
Tập nhật tài khoản,ACCOUNT_NUMBER_FIELD
lê số tài khoản,ACCOUNT_NUMBER_FIELD
lênh tài khoản số,ACCOUNT_NUMBER_FIELD
mortgage tài khoản số,ACCOUNT_NUMBER_FIELD
Đi số tài khoản,ACCOUNT_NUMBER_FIELD
Điều Số Tài khoản,ACCOUNT_NUMBER_FIELD
Điều Tài khoản,ACCOUNT_NUMBER_FIELD
Điều dùng tài khoản,ACCOUNT_NUMBER_FIELD
Điều tài khoản,ACCOUNT_NUMBER_FIELD
Điều tài khoản của người nhận,ACCOUNT_NUMBER_FIELD
Điều tài khoản tài khoản tài khoản,ACCOUNT_NUMBER_FIELD
Điện số tài khoản,ACCOUNT_NUMBER_FIELD
Độ số tài khoản,ACCOUNT_NUMBER_FIELD
Độm Tài khoản,ACCOUNT_NUMBER_FIELD
24/7 Customer Support Number,ACCOUNT_NUMBER_FIELD
American Express Customer Service Number,ACCOUNT_NUMBER_FIELD
American Express Customer Support Number,ACCOUNT_NUMBER_FIELD
Bank Contact Number,ACCOUNT_NUMBER_FIELD
Bank Helpline Number,ACCOUNT_NUMBER_FIELD
Loan Application Number,ACCOUNT_NUMBER_FIELD
Loan Confirmation Number,ACCOUNT_NUMBER_FIELD
Loan Reference Number,ACCOUNT_NUMBER_FIELD
Mortgage Contact Number,ACCOUNT_NUMBER_FIELD
Mortgage Department Number,ACCOUNT_NUMBER_FIELD
Mortgage Helpline Number,ACCOUNT_NUMBER_FIELD
Number Hướng dẫn,ACCOUNT_NUMBER_FIELD
Number Routing Bank,ACCOUNT_NUMBER_FIELD
Transaction Reference Number,ACCOUNT_NUMBER_FIELD
Transfer Reference Number,ACCOUNT_NUMBER_FIELD
transfer reference number,ACCOUNT_NUMBER_FIELD
American Express International Customer Service Number,ACCOUNT_NUMBER_FIELD
Bank Account Details,ACCOUNT_NUMBER_FIELD
Create New Account,ACCOUNT_NUMBER_FIELD
Customer's Account Details,ACCOUNT_NUMBER_FIELD
Cài đặt Tài khoản,ACCOUNT_NUMBER_FIELD
Cài đặt tài khoản,ACCOUNT_NUMBER_FIELD
Các định tài khoản,ACCOUNT_NUMBER_FIELD
Câu thuẫn tài khoản,ACCOUNT_NUMBER_FIELD
Công ty Tài khoản,ACCOUNT_NUMBER_FIELD
Công ty tài khoản,ACCOUNT_NUMBER_FIELD
Hiện dịch tài khoản,ACCOUNT_NUMBER_FIELD
Học vay số tài khoản,ACCOUNT_NUMBER_FIELD
Hộp tiền tài khoản,ACCOUNT_NUMBER_FIELD
Hộp tài khoản chủ tên,ACCOUNT_NUMBER_FIELD
Hủy bỏ tài khoản,ACCOUNT_NUMBER_FIELD
Hủy bỏ tài khoản số,ACCOUNT_NUMBER_FIELD
Lan Tài khoản của tôi,ACCOUNT_NUMBER_FIELD
Loan Management Account,ACCOUNT_NUMBER_FIELD
Mortgage Account Portal,ACCOUNT_NUMBER_FIELD
Mortgage Department Contact Number,ACCOUNT_NUMBER_FIELD
Name on the Loan Account,ACCOUNT_NUMBER_FIELD
Name trên Tài khoản bảo hiểm,ACCOUNT_NUMBER_FIELD
Name trên Tài khoản vay,ACCOUNT_NUMBER_FIELD
"Name,Mortgage Account",ACCOUNT_NUMBER_FIELD
Nhạc tài khoản chủ tài khoản,ACCOUNT_NUMBER_FIELD
Nhạc tài khoản của bạn,ACCOUNT_NUMBER_FIELD
Thiết tắt tài khoản,ACCOUNT_NUMBER_FIELD
Thuyên định tài khoản,ACCOUNT_NUMBER_FIELD
Thuyết định tài khoản,ACCOUNT_NUMBER_FIELD
Tài khoản chuyển khoản,ACCOUNT_NUMBER_FIELD
Tài khoản hỗ trợ khách hàng,ACCOUNT_NUMBER_FIELD
Tài khoản lịch sử,ACCOUNT_NUMBER_FIELD
Tài khoản ngân hàng,ACCOUNT_NUMBER_FIELD
Tài khoản thanh toán,ACCOUNT_NUMBER_FIELD
Tài khoản thông tin ngân hàng,ACCOUNT_NUMBER_FIELD
Tên tài khoản ngân hàng,ACCOUNT_NUMBER_FIELD
Tín số Tài khoản Ngân hàng,ACCOUNT_NUMBER_FIELD
Tín số Tài khoản vay tiền,ACCOUNT_NUMBER_FIELD
Tín số tài khoản vay tiền,ACCOUNT_NUMBER_FIELD
Tính khoản Tài khoản Người dùng,ACCOUNT_NUMBER_FIELD
Tóm tắt tài khoản,ACCOUNT_NUMBER_FIELD
Tất cả số tài khoản,ACCOUNT_NUMBER_FIELD
Tập khoản Tài khoản,ACCOUNT_NUMBER_FIELD
Tập lịch tài khoản,ACCOUNT_NUMBER_FIELD
Tập nhật tài khoản của bạn,ACCOUNT_NUMBER_FIELD
Tập toán tài khoản,ACCOUNT_NUMBER_FIELD
View Account Fees,ACCOUNT_NUMBER_FIELD
View Tài khoản Fees,ACCOUNT_NUMBER_FIELD
bank account details,ACCOUNT_NUMBER_FIELD
thiết định tài khoản,ACCOUNT_NUMBER_FIELD
tài khoản ngân hàng,ACCOUNT_NUMBER_FIELD
Điều Dashboard tài khoản,ACCOUNT_NUMBER_FIELD
Điều ID Tài khoản,ACCOUNT_NUMBER_FIELD
Điều ID tài khoản,ACCOUNT_NUMBER_FIELD
Điều Số Tài khoản Loan,ACCOUNT_NUMBER_FIELD
Điều Tài khoản Loan,ACCOUNT_NUMBER_FIELD
Điều Tài khoản Mortgage,ACCOUNT_NUMBER_FIELD
Điều Tài khoản của Người giữ,ACCOUNT_NUMBER_FIELD
Điều Tài khoản của Người gửi,ACCOUNT_NUMBER_FIELD
Điều Tài khoản vay,ACCOUNT_NUMBER_FIELD
Điều Tài khoản ảo,ACCOUNT_NUMBER_FIELD
Điều Tài khoản ủng hộ,ACCOUNT_NUMBER_FIELD
Điều số Tài khoản Loan,ACCOUNT_NUMBER_FIELD
Điều tài khoản của bạn,ACCOUNT_NUMBER_FIELD
Điều tài khoản gửi,ACCOUNT_NUMBER_FIELD
Điều tài khoản vay,ACCOUNT_NUMBER_FIELD
Điều tài khoản/IBAN,ACCOUNT_NUMBER_FIELD
Điều đặt tài khoản,ACCOUNT_NUMBER_FIELD
Điểm Tài khoản của bạn,ACCOUNT_NUMBER_FIELD
Điểm Tài khoản của tôi,ACCOUNT_NUMBER_FIELD
Điểm hỗ trợ tài khoản,ACCOUNT_NUMBER_FIELD
Điểm số tài khoản ảo,ACCOUNT_NUMBER_FIELD
Điểm tài khoản cho vay,ACCOUNT_NUMBER_FIELD
Điểm tài khoản của bạn,ACCOUNT_NUMBER_FIELD
Đăng ký tài khoản,ACCOUNT_NUMBER_FIELD
Đặt hủy tài khoản số,ACCOUNT_NUMBER_FIELD
độ số tài khoản vay,ACCOUNT_NUMBER_FIELD
Four Digits of Social Security Number,ACCOUNT_NUMBER_FIELD
Cài đặt Tài khoản Bảo mật,ACCOUNT_NUMBER_FIELD
Cài đặt Tài khoản của tôi,ACCOUNT_NUMBER_FIELD
Các Cài đặt tài khoản,ACCOUNT_NUMBER_FIELD
Các cài đặt tài khoản,ACCOUNT_NUMBER_FIELD
Các cân bằng tài khoản,ACCOUNT_NUMBER_FIELD
Hộp tiền mặt Số tài khoản,ACCOUNT_NUMBER_FIELD
Hộp tiền mặt trên tài khoản,ACCOUNT_NUMBER_FIELD
Mortgage Hủy bỏ số tài khoản,ACCOUNT_NUMBER_FIELD
Nhạc tài khoản ngân hàng,ACCOUNT_NUMBER_FIELD
Nó Tài khoản Ngân hàng,ACCOUNT_NUMBER_FIELD
Nô số Tài khoản Ngân hàng,ACCOUNT_NUMBER_FIELD
Thuế Tài khoản hàng tháng,ACCOUNT_NUMBER_FIELD
Trang ngân hàng Tài khoản Số,ACCOUNT_NUMBER_FIELD
Trung dịch vụ tài khoản,ACCOUNT_NUMBER_FIELD
Tuyền tổng quát tài khoản,ACCOUNT_NUMBER_FIELD
Tài khoản chuyển khoản ID/Tài khoản chuyển khoản,ACCOUNT_NUMBER_FIELD
Tập chi tiết tài khoản,ACCOUNT_NUMBER_FIELD
Tập hoạt động tài khoản,ACCOUNT_NUMBER_FIELD
Tập lịch sử tài khoản,ACCOUNT_NUMBER_FIELD
Điều Số Tài khoản Ngân hàng,ACCOUNT_NUMBER_FIELD
Điều Số Tài khoản thuê nhà,ACCOUNT_NUMBER_FIELD
Điều Tài khoản Hủy bỏ,ACCOUNT_NUMBER_FIELD
Điều Tài khoản Ngân hàng,ACCOUNT_NUMBER_FIELD
Điều Tài khoản thuê nhà,ACCOUNT_NUMBER_FIELD
Điều Tài khoản vay đòi,ACCOUNT_NUMBER_FIELD
Điều số Tài khoản thuê nhà,ACCOUNT_NUMBER_FIELD
Điều số tài khoản hủy bỏ tài khoản,ACCOUNT_NUMBER_FIELD
Điều trên Tài khoản thuê nhà,ACCOUNT_NUMBER_FIELD
Điều tài khoản của chủ sở hữu,ACCOUNT_NUMBER_FIELD
Điều tài khoản hủy bỏ,ACCOUNT_NUMBER_FIELD
Điều tài khoản ngân hàng,ACCOUNT_NUMBER_FIELD
Điều tài khoản thuê nhà,ACCOUNT_NUMBER_FIELD
Điểm hủy bỏ tài khoản,ACCOUNT_NUMBER_FIELD
Điểm số Tài khoản vay của bạn,ACCOUNT_NUMBER_FIELD
độ số tài khoản thuê nhà,ACCOUNT_NUMBER_FIELD
Visa Dịch vụ Khách hàng Contact Number,ACCOUNT_NUMBER_FIELD
Điều chuyển khoản ngân hàng Reference Number,ACCOUNT_NUMBER_FIELD
Công ty Tài khoản Đơn vị,ACCOUNT_NUMBER_FIELD
Công việc quản lý tài khoản,ACCOUNT_NUMBER_FIELD
Nhạc liên quan đến tài khoản,ACCOUNT_NUMBER_FIELD
Tài khoản chuyển khoản chi tiết,ACCOUNT_NUMBER_FIELD
Tài khoản điện thoại hỗ trợ khách hàng,ACCOUNT_NUMBER_FIELD
Điều tài khoản ngân hàng của bạn,ACCOUNT_NUMBER_FIELD
Điều tài khoản tiền gửi của bạn,ACCOUNT_NUMBER_FIELD
Đại phòng hủy bỏ số tài khoản,ACCOUNT_NUMBER_FIELD
Đến đến Cài đặt Tài khoản của bạn,ACCOUNT_NUMBER_FIELD
Độ số Tài khoản Ngân hàng của bạn,ACCOUNT_NUMBER_FIELD
Trang dịch vụ tài chính của người sở hữu tài khoản,ACCOUNT_NUMBER_FIELD
Your Apartment Number hoặc bất kỳ thông báo nào khác được cung cấp bởi landlord,ACCOUNT_NUMBER_FIELD
Tài khoản hỗ trợ khách hàng hoặc qua trang web Live Chat,ACCOUNT_NUMBER_FIELD
"Điều liên lạc, thông tin liên lạc và chi tiết tài khoản bảo hiểm",ACCOUNT_NUMBER_FIELD
Điều số điện thoại của bộ phận hủy bỏ tài khoản,ACCOUNT_NUMBER_FIELD
Account Statements,ACCOUNT_STATEMENT_EMAIL
Billing Statements,ACCOUNT_STATEMENT_EMAIL
Monthly Statements,ACCOUNT_STATEMENT_EMAIL
Annual Fees,ANNUAL_FEE_INFO
Card Annual Fees,ANNUAL_FEE_INFO
ATM Finder Website,ATM_LOCATOR_URL
ATM Locator App,ATM_LOCATOR_URL
ATM tìm kiếm Website,ATM_LOCATOR_URL
ATM Address,ATM_LOCATOR_URL
ATM Finder,ATM_LOCATOR_URL
ATM Hunter,ATM_LOCATOR_URL
ATM Location,ATM_LOCATOR_URL
ATM Finder App,ATM_LOCATOR_URL
ATM Near Me,ATM_LOCATOR_URL
ATM Địa điểm,ATM_LOCATOR_URL
Nhạc máy ATM,ATM_LOCATOR_URL
Tìm một ATM,ATM_LOCATOR_URL
Tìm ATM số điện thoại khách hàng,ATM_LOCATOR_URL
AMEX Website URL,BILL_PAY_URL
Ban Website URL,BILL_PAY_URL
Bank Website,BILL_PAY_URL
Bank Website URL,BILL_PAY_URL
Banker Website URL,BILL_PAY_URL
Banque Website URL,BILL_PAY_URL
City Website URL,BILL_PAY_URL
Comp Website URL,BILL_PAY_URL
Company URL,BILL_PAY_URL
Company Website,BILL_PAY_URL
Company Website URL,BILL_PAY_URL
Credit Website,BILL_PAY_URL
Credit Website URL,BILL_PAY_URL
Customer Support Page URL,BILL_PAY_URL
Customer URL.,BILL_PAY_URL
Customer Website URL.,BILL_PAY_URL
Map Website,BILL_PAY_URL
Maps Website,BILL_PAY_URL
Maps Website URL,BILL_PAY_URL
Mortgage Support Website URL,BILL_PAY_URL
Mortgage Website URL,BILL_PAY_URL
URL Website.,BILL_PAY_URL
Visa Website URL,BILL_PAY_URL
Website Homepage,BILL_PAY_URL
Điều URL của Người dùng,BILL_PAY_URL
American Express Website URL,BILL_PAY_URL
Bank's Website,BILL_PAY_URL
Comp Website URL.,BILL_PAY_URL
Credit Website URL.,BILL_PAY_URL
Công ty URL,BILL_PAY_URL
Công ty Website,BILL_PAY_URL
Công ty Website URL,BILL_PAY_URL
Lender's Website URL,BILL_PAY_URL
MAT Finder Website,BILL_PAY_URL
Mortgage Assistance Website URL,BILL_PAY_URL
Mortgage Lender Website URL,BILL_PAY_URL
Mortgage Provider Website,BILL_PAY_URL
Ngân hàng Website URL,BILL_PAY_URL
Thông tin hỗ trợ khách hàng URL,BILL_PAY_URL
Trang web URL,BILL_PAY_URL
Trực tuyến URL,BILL_PAY_URL
Tài URL của Công ty,BILL_PAY_URL
Tên Công ty URL,BILL_PAY_URL
Tên Công ty Website URL,BILL_PAY_URL
URL Công ty,BILL_PAY_URL
URL Website của công ty,BILL_PAY_URL
URL của Công ty.,BILL_PAY_URL
URL của công ty,BILL_PAY_URL
URL trang web,BILL_PAY_URL
Website Ngân hàng,BILL_PAY_URL
Website Ngân hàng URL,BILL_PAY_URL
Website của Ngân hàng URL,BILL_PAY_URL
công ty Website URL,BILL_PAY_URL
Điều URL của bạn,BILL_PAY_URL
AMEX Trang web URL,BILL_PAY_URL
Company Website và URL để duyệt thẻ tín dụng,BILL_PAY_URL
Các khoản Web URL,BILL_PAY_URL
Công ty Website URL.,BILL_PAY_URL
Công việc URL của công ty.,BILL_PAY_URL
Hiện URL của công ty.,BILL_PAY_URL
Nhà công ty URL,BILL_PAY_URL
Thuyền hỗ trợ khách hàng URL,BILL_PAY_URL
Trang dịch vụ URL,BILL_PAY_URL
Tuyền hỗ trợ khách hàng URL,BILL_PAY_URL
Tài web công ty URL,BILL_PAY_URL
Tài web của công ty URL,BILL_PAY_URL
Tên sử dụng URL của công ty,BILL_PAY_URL
Tập nhật của Công ty URL,BILL_PAY_URL
URL trang web của bạn,BILL_PAY_URL
Điều URL của Công ty,BILL_PAY_URL
Điều URL của công ty,BILL_PAY_URL
Điều URL trang web,BILL_PAY_URL
Điều hỗ trợ khách hàng Website,BILL_PAY_URL
Điểm URL của Công ty,BILL_PAY_URL
Điện URL Website của Công ty,BILL_PAY_URL
Điện URL của Công ty,BILL_PAY_URL
Bank Branch Location,BRANCH_ADDRESS
Main Branch Address,BRANCH_ADDRESS
Address,BRANCH_ADDRESS
Bank Branch,BRANCH_ADDRESS
Branch Locations,BRANCH_ADDRESS
Branch Locations.,BRANCH_ADDRESS
Branch Name,BRANCH_ADDRESS
Customer Service Address,BRANCH_ADDRESS
Customer Support Address,BRANCH_ADDRESS
Customer Support Location,BRANCH_ADDRESS
Location,BRANCH_ADDRESS
Bank Branch Locations,BRANCH_ADDRESS
Bank/Branch Name,BRANCH_ADDRESS
Bank Location,BRANCH_ADDRESS
Customer Support Team Address,BRANCH_ADDRESS
Home Address,BRANCH_ADDRESS
Property Address,BRANCH_ADDRESS
Shipping Address,BRANCH_ADDRESS
Credit Card Activate,CARD_ACTIVATION_PHONE
Activation Hotline Number,CARD_ACTIVATION_PHONE
Activation Phone Number,CARD_ACTIVATION_PHONE
Card Activation App,CARD_ACTIVATION_PHONE
Card Support Phone Number,CARD_ACTIVATION_PHONE
Credit Card Activation,CARD_ACTIVATION_PHONE
Activate Card International Usage,CARD_ACTIVATION_PHONE
Bank Activation Phone Number,CARD_ACTIVATION_PHONE
Bank International Activation Hotline,CARD_ACTIVATION_PHONE
Card Issuer Phone Number,CARD_ACTIVATION_PHONE
Card Protection Phone Number,CARD_ACTIVATION_PHONE
Card Services Phone Number,CARD_ACTIVATION_PHONE
Credit Card Activation App,CARD_ACTIVATION_PHONE
Credit Card Phone Number,CARD_ACTIVATION_PHONE
Credit Card Support Phone Number,CARD_ACTIVATION_PHONE
Activate,CARD_ACTIVATION_PHONE
Credit Card Issuer Support Phone Number,CARD_ACTIVATION_PHONE
Activate Now,CARD_ACTIVATION_PHONE
Customer Activation,CARD_ACTIVATION_PHONE
Cart Activation,CARD_ACTIVATION_PHONE
Công ty Activation,CARD_ACTIVATION_PHONE
Credit Card URL,CARD_ACTIVATION_URL
Credit Card Website URL,CARD_ACTIVATION_URL
Credit Card Online Portal,CARD_ACTIVATION_URL
Credit Card Provider Website URL,CARD_ACTIVATION_URL
CVC code,CARD_CVV_FIELD
Lock Card,CARD_FREEZE_UNFREEZE
Lock/Block Card,CARD_FREEZE_UNFREEZE
Bank Card Lock Helpline,CARD_FREEZE_UNFREEZE
Freeze,CARD_FREEZE_UNFREEZE
Temporary Freeze,CARD_FREEZE_UNFREEZE
Lock/Block,CARD_FREEZE_UNFREEZE
Được 4 số thẻ tín dụng,CARD_NUMBER_FIELD
Transaction Pin,CARD_PIN_FIELD
Block Card,CARD_PIN_FIELD
Cancel Card,CARD_PIN_FIELD
Card Balance,CARD_PIN_FIELD
Card Balances,CARD_PIN_FIELD
Card Cancellation,CARD_PIN_FIELD
Card Charges,CARD_PIN_FIELD
Card Details,CARD_PIN_FIELD
Card Fees,CARD_PIN_FIELD
Card Information,CARD_PIN_FIELD
Card Management,CARD_PIN_FIELD
Card Profile,CARD_PIN_FIELD
Card Provider,CARD_PIN_FIELD
Card Services,CARD_PIN_FIELD
Card Settings,CARD_PIN_FIELD
Card Summary,CARD_PIN_FIELD
Card Support Team,CARD_PIN_FIELD
Client Card,CARD_PIN_FIELD
Close Card,CARD_PIN_FIELD
Credit Card,CARD_PIN_FIELD
Credit Card Support,CARD_PIN_FIELD
Credit Card Số,CARD_PIN_FIELD
Disable Card,CARD_PIN_FIELD
Free Card,CARD_PIN_FIELD
Name on Card,CARD_PIN_FIELD
Name on the Card,CARD_PIN_FIELD
Suspend Card,CARD_PIN_FIELD
Độm Card,CARD_PIN_FIELD
Hộp khoản PIN,CARD_PIN_FIELD
Add new card,CARD_PIN_FIELD
Card Blocking,CARD_PIN_FIELD
Card Hỗ trợ khách hàng,CARD_PIN_FIELD
Card Issuing Bank,CARD_PIN_FIELD
Card Services Working Hours,CARD_PIN_FIELD
Credit Card Account,CARD_PIN_FIELD
Credit Card App,CARD_PIN_FIELD
Credit Card Balance,CARD_PIN_FIELD
Credit Card Cancellation,CARD_PIN_FIELD
Credit Card Date,CARD_PIN_FIELD
Credit Card Details,CARD_PIN_FIELD
Credit Card Information,CARD_PIN_FIELD
Credit Card Management,CARD_PIN_FIELD
Credit Card Name,CARD_PIN_FIELD
Credit Card Overview,CARD_PIN_FIELD
Credit Card Provider,CARD_PIN_FIELD
Credit Card Sa,CARD_PIN_FIELD
Credit Card Services,CARD_PIN_FIELD
Credit Card Summary,CARD_PIN_FIELD
Credit Card and Fees,CARD_PIN_FIELD
Credit Card for us,CARD_PIN_FIELD
Cài đặt Card,CARD_PIN_FIELD
Các Card Đạt,CARD_PIN_FIELD
Online Card Services,CARD_PIN_FIELD
Request Card Closure,CARD_PIN_FIELD
Temporally Disable Card,CARD_PIN_FIELD
View Card Balance,CARD_PIN_FIELD
Credit Card Date of Birth,CARD_PIN_FIELD
Credit Card for international us,CARD_PIN_FIELD
Credit Card quốc tế,CARD_PIN_FIELD
Credit Card's vấn đề,CARD_PIN_FIELD
Công phí và phí,CASH_ADVANCE_FEE
Fee Information,CASH_ADVANCE_FEE
Fee Range,CASH_ADVANCE_FEE
Fee Summary,CASH_ADVANCE_FEE
Fee and Charges,CASH_ADVANCE_FEE
Tài liệu và phí,CASH_ADVANCE_FEE
Công ty và phí,CASH_ADVANCE_FEE
Công việc và phí,CASH_ADVANCE_FEE
Công ty hỗ trợ và phí,CASH_ADVANCE_FEE
Tỷ lệ phí hàng năm,CASH_ADVANCE_FEE
Credit,CREDIT_LIMIT_INFO
Credit App,CREDIT_LIMIT_INFO
Credit Assistance,CREDIT_LIMIT_INFO
Credit Card!,CREDIT_LIMIT_INFO
Credit Cards,CREDIT_LIMIT_INFO
Credit Details,CREDIT_LIMIT_INFO
Credit Fees,CREDIT_LIMIT_INFO
Credit Information,CREDIT_LIMIT_INFO
Credit Management,CREDIT_LIMIT_INFO
Credit Name,CREDIT_LIMIT_INFO
Credit Overview,CREDIT_LIMIT_INFO
Credit Portal,CREDIT_LIMIT_INFO
Credit Score,CREDIT_LIMIT_INFO
Credit Services,CREDIT_LIMIT_INFO
Credit Settings,CREDIT_LIMIT_INFO
Credit Summary,CREDIT_LIMIT_INFO
Credit Support Team,CREDIT_LIMIT_INFO
Credit Team,CREDIT_LIMIT_INFO
Credit Union A,CREDIT_LIMIT_INFO
Credit and Charges,CREDIT_LIMIT_INFO
Credit and Fees,CREDIT_LIMIT_INFO
Credit/Debit,CREDIT_LIMIT_INFO
Credit Cards and Terms,CREDIT_LIMIT_INFO
Credit Store Locations.,CREDIT_LIMIT_INFO
Credit Union B,CREDIT_LIMIT_INFO
Credit Express Hỗ trợ Điện thoại Số,CREDIT_LIMIT_INFO
Fees,FEE_SCHEDULE_URL
My Fees,FEE_SCHEDULE_URL
Pricing,FEE_SCHEDULE_URL
Check Fees,FEE_SCHEDULE_URL
View Fees,FEE_SCHEDULE_URL
Tín dụng tối thiểu của khoản phí hàng năm,FEE_SCHEDULE_URL
Card Issuer,ISSUER_WEBSITE
Credit Card Issuer,ISSUER_WEBSITE
Card Issuer Điện thoại Số,ISSUER_WEBSITE
Card Issuer Dịch vụ Số khách hàng,ISSUER_WEBSITE
Công ty thông tin kiểm tra,LATE_FEE_INFO
Hiện khoản kiểm tra,LATE_FEE_INFO
Câu trả lời tranh chấp,LATE_FEE_INFO
Customer Support Live Chat,LIVE_CHAT_URL
Live Chat,LIVE_CHAT_URL
Live Chat Support,LIVE_CHAT_URL
Live Chat support,LIVE_CHAT_URL
Chat Hỗ trợ,LIVE_CHAT_URL
Client Service Chat,LIVE_CHAT_URL
Live Chat Hỗ trợ,LIVE_CHAT_URL
24/7 Live Chat,LIVE_CHAT_URL
Các Hỗ trợ Chat,LIVE_CHAT_URL
Online Chat Hỗ trợ,LIVE_CHAT_URL
Tài hỗ trợ khách hàng hoặc qua trang web chat trực tiếp,LIVE_CHAT_URL
Loan Trang web URL,LOAN_PAYMENT_URL
Payment,LOAN_PAYMENT_URL
"Payment""",LOAN_PAYMENT_URL
Mortgage Payment,LOAN_PAYMENT_URL
Payment History,LOAN_PAYMENT_URL
Payment Records,LOAN_PAYMENT_URL
Payment Section,LOAN_PAYMENT_URL
Payment Summary,LOAN_PAYMENT_URL
Mortgage Payment Portal,LOAN_PAYMENT_URL
Payment & Billing,LOAN_PAYMENT_URL
View Mortgage Payment,LOAN_PAYMENT_URL
View Payment History,LOAN_PAYMENT_URL
View Mortgage Payment Summary,LOAN_PAYMENT_URL
Loan Assistance Phone Number,LOAN_SUPPORT_PHONE
Loan Cancellation Phone Number,LOAN_SUPPORT_PHONE
Loan Department Phone Number,LOAN_SUPPORT_PHONE
Loan Hủy khoản vay,LOAN_SUPPORT_PHONE
Loan Provider Phone Number,LOAN_SUPPORT_PHONE
Loan Số đơn xin vay,LOAN_SUPPORT_PHONE
Loan,LOAN_SUPPORT_PHONE
Loan Hủy vay số điện thoại,LOAN_SUPPORT_PHONE
Loan Số,LOAN_SUPPORT_PHONE
Loan Thông tin,LOAN_SUPPORT_PHONE
Loan số,LOAN_SUPPORT_PHONE
Loan_,LOAN_SUPPORT_PHONE
Loan Hủy khoản vay Chính sách,LOAN_SUPPORT_PHONE
Loan Hủy khoản vay của chúng tôi,LOAN_SUPPORT_PHONE
Loan Hủy khoản vay số điện thoại,LOAN_SUPPORT_PHONE
Loan Hủy vay địa chỉ email,LOAN_SUPPORT_PHONE
Cancel Loan,LOAN_SUPPORT_PHONE
Cancell Loan,LOAN_SUPPORT_PHONE
Loan Amount,LOAN_SUPPORT_PHONE
Loan Application,LOAN_SUPPORT_PHONE
Loan Assistance,LOAN_SUPPORT_PHONE
Loan Bộ,LOAN_SUPPORT_PHONE
Loan Cancellation,LOAN_SUPPORT_PHONE
Loan Center,LOAN_SUPPORT_PHONE
Loan Customer Support Team,LOAN_SUPPORT_PHONE
Loan Dashboard,LOAN_SUPPORT_PHONE
Loan Department,LOAN_SUPPORT_PHONE
Loan Details,LOAN_SUPPORT_PHONE
Loan Hủy khoản vay địa chỉ email,LOAN_SUPPORT_PHONE
Loan ID,LOAN_SUPPORT_PHONE
Loan Management,LOAN_SUPPORT_PHONE
Loan Payments,LOAN_SUPPORT_PHONE
Loan Provider,LOAN_SUPPORT_PHONE
Loan Section,LOAN_SUPPORT_PHONE
Loan Services,LOAN_SUPPORT_PHONE
Loan Support Team,LOAN_SUPPORT_PHONE
Loan Số ứng dụng,LOAN_SUPPORT_PHONE
Loan Term,LOAN_SUPPORT_PHONE
Loan Time.,LOAN_SUPPORT_PHONE
Loan Ứng dụng,LOAN_SUPPORT_PHONE
Loan ứng dụng Số,LOAN_SUPPORT_PHONE
Manage Loan,LOAN_SUPPORT_PHONE
Check Loan Payments,LOAN_SUPPORT_PHONE
Loan Agreement Date,LOAN_SUPPORT_PHONE
Loan Application ID,LOAN_SUPPORT_PHONE
Loan Application Page,LOAN_SUPPORT_PHONE
Loan Assistance Department,LOAN_SUPPORT_PHONE
Loan Assistance Team,LOAN_SUPPORT_PHONE
Loan Cancellation Department,LOAN_SUPPORT_PHONE
Loan Decision Timeframe,LOAN_SUPPORT_PHONE
Loan Dịch vụ,LOAN_SUPPORT_PHONE
Loan Hỗ trợ Bộ,LOAN_SUPPORT_PHONE
Loan Hỗ trợ Khách hàng,LOAN_SUPPORT_PHONE
Loan Hỗ trợ Nhóm,LOAN_SUPPORT_PHONE
Loan Hỗ trợ bộ,LOAN_SUPPORT_PHONE
Loan Hợp đồng Số,LOAN_SUPPORT_PHONE
Loan Hủy khoản,LOAN_SUPPORT_PHONE
Loan ID ứng dụng,LOAN_SUPPORT_PHONE
Loan Officer Name,LOAN_SUPPORT_PHONE
Loan Processing Time,LOAN_SUPPORT_PHONE
Loan Quản lý,LOAN_SUPPORT_PHONE
Loan Start Date,LOAN_SUPPORT_PHONE
Loan Số tham khảo,LOAN_SUPPORT_PHONE
Loan Thanh toán,LOAN_SUPPORT_PHONE
Loan Thỏa thuận,LOAN_SUPPORT_PHONE
Loan bộ phận,LOAN_SUPPORT_PHONE
Loan Ứng dụng ID,LOAN_SUPPORT_PHONE
Loan Ứng dụng Số Reference,LOAN_SUPPORT_PHONE
Loan ứng dụng Reference,LOAN_SUPPORT_PHONE
Mortgage Loan Company,LOAN_SUPPORT_PHONE
Request Loan Cancellation,LOAN_SUPPORT_PHONE
View Loan Payments,LOAN_SUPPORT_PHONE
Điều vay,LOAN_SUPPORT_PHONE
Điểm vay,LOAN_SUPPORT_PHONE
Home Loan Assistance Team,LOAN_SUPPORT_PHONE
Loan Assistance Contact Information,LOAN_SUPPORT_PHONE
Loan Bộ số điện thoại,LOAN_SUPPORT_PHONE
Loan Department Điện thoại Số,LOAN_SUPPORT_PHONE
Loan Department Điện thoại số,LOAN_SUPPORT_PHONE
Loan Dịch vụ Bộ,LOAN_SUPPORT_PHONE
Loan Hỗ trợ Khách hàng Bộ,LOAN_SUPPORT_PHONE
Loan Hỗ trợ Số liên hệ,LOAN_SUPPORT_PHONE
Loan Hỗ trợ Số Điện thoại,LOAN_SUPPORT_PHONE
Loan Hỗ trợ Số điện thoại,LOAN_SUPPORT_PHONE
Loan Hỗ trợ Điện thoại Số,LOAN_SUPPORT_PHONE
Loan Hỗ trợ Điện thoại số,LOAN_SUPPORT_PHONE
Loan Hủy bỏ bộ phận,LOAN_SUPPORT_PHONE
Loan Nhóm Hỗ trợ Khách hàng,LOAN_SUPPORT_PHONE
Loan Officer's Name,LOAN_SUPPORT_PHONE
Loan Quản lý Tài khoản,LOAN_SUPPORT_PHONE
Loan Ứng dụng Số tham khảo,LOAN_SUPPORT_PHONE
Loan ứng dụng tham chiếu,LOAN_SUPPORT_PHONE
Loan ứng dụng tham khảo,LOAN_SUPPORT_PHONE
Điều hủy bỏ Loan,LOAN_SUPPORT_PHONE
Điều tham khảo của Loan,LOAN_SUPPORT_PHONE
Công ty vay,LOAN_SUPPORT_PHONE
Hợp đồng vay,LOAN_SUPPORT_PHONE
Người vay trực tuyến,LOAN_SUPPORT_PHONE
Type của khoản vay,LOAN_SUPPORT_PHONE
Điều khoản vay,LOAN_SUPPORT_PHONE
Điểm hủy vay,LOAN_SUPPORT_PHONE
Loan Dịch vụ Điện thoại số,LOAN_SUPPORT_PHONE
Loan Hỗ trợ Khách hàng Điện thoại Số,LOAN_SUPPORT_PHONE
Loan Hỗ trợ khách hàng Điện thoại Số,LOAN_SUPPORT_PHONE
Loan Hủy bỏ số điện thoại,LOAN_SUPPORT_PHONE
Loan Khả năng thanh toán,LOAN_SUPPORT_PHONE
Loan Thanh toán trợ giúp Số,LOAN_SUPPORT_PHONE
Loan bộ phận số điện thoại,LOAN_SUPPORT_PHONE
Loan xử lý Thời gian,LOAN_SUPPORT_PHONE
Loan Nhóm Hỗ trợ Khách hàng Điện thoại Số,LOAN_SUPPORT_PHONE
Công ty vay tiền,LOAN_SUPPORT_PHONE
Công ty vay tiền số,LOAN_SUPPORT_PHONE
Học vay số điện thoại,LOAN_SUPPORT_PHONE
Người vay trực tuyến 1,LOAN_SUPPORT_PHONE
Người vay trực tuyến 2,LOAN_SUPPORT_PHONE
Thanh toán khoản vay,LOAN_SUPPORT_PHONE
Điều khoản vay của bạn,LOAN_SUPPORT_PHONE
Điều tham chiếu vay,LOAN_SUPPORT_PHONE
Điểm hỗ trợ khách hàng cho vay,LOAN_SUPPORT_PHONE
Công ty vay số điện thoại,LOAN_SUPPORT_PHONE
Điểm hỗ trợ Công ty vay,LOAN_SUPPORT_PHONE
Điểm hủy bỏ khoản vay,LOAN_SUPPORT_PHONE
Điểm hủy bỏ khoản vay của bạn,LOAN_SUPPORT_PHONE
Đại phòng hủy bỏ khoản vay,LOAN_SUPPORT_PHONE
Hộp đơn cho vay Thời gian xử lý,LOAN_SUPPORT_PHONE
Điều khoản vay và số điện thoại hỗ trợ khách hàng,LOAN_SUPPORT_PHONE
Điều kiện thẻ Lost/Stolen Card,LOST_STOLEN_CARD_PHONE
Câu mật,LOST_STOLEN_CARD_PHONE
Điều bảo mật,LOST_STOLEN_CARD_PHONE
Điều mật,LOST_STOLEN_CARD_PHONE
Điều mật mã,LOST_STOLEN_CARD_PHONE
Cài đặt bảo mật,LOST_STOLEN_CARD_PHONE
Công cụ bảo mật,LOST_STOLEN_CARD_PHONE
Công sách bảo mật,LOST_STOLEN_CARD_PHONE
Công ty bảo mật,LOST_STOLEN_CARD_PHONE
Học tiền mặt,LOST_STOLEN_CARD_PHONE
Hộp tiền mặt,LOST_STOLEN_CARD_PHONE
Số bảo mật xã hội,LOST_STOLEN_CARD_PHONE
Tập nhật tiền mặt,LOST_STOLEN_CARD_PHONE
Điều tiền mặt,LOST_STOLEN_CARD_PHONE
Công ty tiền mặt,LOST_STOLEN_CARD_PHONE
Trang dịch vụ bảo mật,LOST_STOLEN_CARD_PHONE
Tập toán tiền mặt,LOST_STOLEN_CARD_PHONE
Điều Số Bảo mật Xã hội,LOST_STOLEN_CARD_PHONE
Điều bảo mật xã hội,LOST_STOLEN_CARD_PHONE
Report a Problem,LOST_STOLEN_CARD_PHONE
Học tiền mặt hỗ trợ khách hàng,LOST_STOLEN_CARD_PHONE
Tập nhật thanh toán tiền mặt,LOST_STOLEN_CARD_PHONE
View Thanh toán tiền mặt,LOST_STOLEN_CARD_PHONE
Công ty dịch vụ tiền mặt,LOST_STOLEN_CARD_PHONE
Điều số Bảo mật Xã hội Cuối cùng,LOST_STOLEN_CARD_PHONE
Cards Manage,MANAGE_CARDS_URL
Manage Card,MANAGE_CARDS_URL
Manage Cards,MANAGE_CARDS_URL
Manage Your Cards,MANAGE_CARDS_URL
Manage Accounts,MANAGE_CARDS_URL
Manage My Accounts,MANAGE_CARDS_URL
Manage Payments,MANAGE_CARDS_URL
Cards,MANAGE_CARDS_URL
Customer Support Cards,MANAGE_CARDS_URL
My Cards,MANAGE_CARDS_URL
Cards Cancell,MANAGE_CARDS_URL
Cards Details,MANAGE_CARDS_URL
Cards Hủy,MANAGE_CARDS_URL
Cards Lock,MANAGE_CARDS_URL
Cards Management,MANAGE_CARDS_URL
Cards Services,MANAGE_CARDS_URL
Cards Settings,MANAGE_CARDS_URL
Cards hủy,MANAGE_CARDS_URL
Cards_7,MANAGE_CARDS_URL
Cards Cài đặt,MANAGE_CARDS_URL
Cards Quản lý,MANAGE_CARDS_URL
Cards quản lý,MANAGE_CARDS_URL
App Store hoặc Google Link Play,MOBILE_APP_APPSTORE_URL
App Store,MOBILE_APP_APPSTORE_URL
App,MOBILE_APP_APPSTORE_URL
App Store/Play Store,MOBILE_APP_APPSTORE_URL
Apple App Store,MOBILE_APP_APPSTORE_URL
App Store/Google Play Store,MOBILE_APP_APPSTORE_URL
Công ty App Store,MOBILE_APP_APPSTORE_URL
App Name,MOBILE_APP_APPSTORE_URL
Bank App,MOBILE_APP_APPSTORE_URL
Client App,MOBILE_APP_APPSTORE_URL
Map App,MOBILE_APP_APPSTORE_URL
Maps App,MOBILE_APP_APPSTORE_URL
Mobile App,MOBILE_APP_APPSTORE_URL
Công ty App Store/Google Play Store,MOBILE_APP_APPSTORE_URL
App Mobile Bank,MOBILE_APP_APPSTORE_URL
App Ngân hàng,MOBILE_APP_APPSTORE_URL
Bank App Name,MOBILE_APP_APPSTORE_URL
Bank Mobile App,MOBILE_APP_APPSTORE_URL
Công ty App,MOBILE_APP_APPSTORE_URL
Mobile App Name,MOBILE_APP_APPSTORE_URL
Tên ngân hàng App,MOBILE_APP_APPSTORE_URL
Bank's Mobile App,MOBILE_APP_APPSTORE_URL
Công ty App Name,MOBILE_APP_APPSTORE_URL
Công ty Mobile App,MOBILE_APP_APPSTORE_URL
Third-party Mapping App,MOBILE_APP_APPSTORE_URL
Công ty Mobile App Name,MOBILE_APP_APPSTORE_URL
Trang Ngân hàng Điện thoại di động App,MOBILE_APP_APPSTORE_URL
Google Play Store URL,MOBILE_APP_PLAYSTORE_URL
Google Play,MOBILE_APP_PLAYSTORE_URL
Google Play Store,MOBILE_APP_PLAYSTORE_URL
Công ty Play Store,MOBILE_APP_PLAYSTORE_URL
Trang web của Google Play,MOBILE_APP_PLAYSTORE_URL
Code Security,OTP_SUPPORT
Security Code,OTP_SUPPORT
Security Settings,OTP_SUPPORT
Settings Security,OTP_SUPPORT
One-Time Password (OTP),OTP_SUPPORT
Điều tiền gửi một thời gian (OTP),OTP_SUPPORT
Refund,REFUND_STATUS_INFO
Customer Activation Status,REFUND_STATUS_INFO
Password,RESET_PASSWORD_URL
password,RESET_PASSWORD_URL
tên mật khẩu,RESET_PASSWORD_URL
Reset,RESET_PASSWORD_URL
C Password,RESET_PASSWORD_URL
Create Password,RESET_PASSWORD_URL
Câu mật khẩu,RESET_PASSWORD_URL
Forgot Password,RESET_PASSWORD_URL
Password Recovery,RESET_PASSWORD_URL
Password Setup,RESET_PASSWORD_URL
Set Password,RESET_PASSWORD_URL
Điều mật khẩu,RESET_PASSWORD_URL
Điểm mật khẩu,RESET_PASSWORD_URL
Create a New Password,RESET_PASSWORD_URL
Cài đặt Password,RESET_PASSWORD_URL
Cài đặt mật khẩu,RESET_PASSWORD_URL
Công cụ mật khẩu,RESET_PASSWORD_URL
Công ty Password,RESET_PASSWORD_URL
Công ty mật khẩu,RESET_PASSWORD_URL
One-Time Password,RESET_PASSWORD_URL
Set New Password,RESET_PASSWORD_URL
Set Up Password,RESET_PASSWORD_URL
Cài đặt mật khẩu & Quyền riêng tư,RESET_PASSWORD_URL
Addressed Email,SUPPORT_EMAIL
Client Service Email,SUPPORT_EMAIL
Customer Email Address,SUPPORT_EMAIL
Customer Service Address Email,SUPPORT_EMAIL
Customer Service Address with Email,SUPPORT_EMAIL
Customer Service Email Address,SUPPORT_EMAIL
Customer Support Email Address,SUPPORT_EMAIL
Customer Support Email Resolution,SUPPORT_EMAIL
Customer Support Email.,SUPPORT_EMAIL
Email Address,SUPPORT_EMAIL
Email Address Support,SUPPORT_EMAIL
Email Hỗ trợ,SUPPORT_EMAIL
Hãy email,SUPPORT_EMAIL
Loan Support Email,SUPPORT_EMAIL
Mortgage Customer Service Email,SUPPORT_EMAIL
Mortgage Support Email,SUPPORT_EMAIL
Support Email Address,SUPPORT_EMAIL
Thông tin email của khách hàng,SUPPORT_EMAIL
email address,SUPPORT_EMAIL
email tài khoản,SUPPORT_EMAIL
Điều Email,SUPPORT_EMAIL
Điều email,SUPPORT_EMAIL
Điều email của họ,SUPPORT_EMAIL
Điểm email,SUPPORT_EMAIL
Điện email,SUPPORT_EMAIL
Cancellation Email Address,SUPPORT_EMAIL
Card Support Email Address,SUPPORT_EMAIL
Client Service Email Address,SUPPORT_EMAIL
Credit Card Support Email,SUPPORT_EMAIL
Customer Service Address Email.,SUPPORT_EMAIL
Customer Support Address Email.,SUPPORT_EMAIL
Các Hỗ trợ Email,SUPPORT_EMAIL
Công ty Email,SUPPORT_EMAIL
Email Response Time,SUPPORT_EMAIL
Hiện dịch email,SUPPORT_EMAIL
Loan Assistance Email,SUPPORT_EMAIL
Loan Cancellation Email,SUPPORT_EMAIL
Loan Customer Support Email Address,SUPPORT_EMAIL
Loan Department Email,SUPPORT_EMAIL
Loan Hỗ trợ Email,SUPPORT_EMAIL
Loan Support Email Address,SUPPORT_EMAIL
Mortgage Cancellation Email,SUPPORT_EMAIL
Mortgage Department Email,SUPPORT_EMAIL
Mortgage Email Address,SUPPORT_EMAIL
Mortgage Email Services,SUPPORT_EMAIL
Mortgage Support Email Address,SUPPORT_EMAIL
Sport Email Address,SUPPORT_EMAIL
Tên số email hỗ trợ khách hàng,SUPPORT_EMAIL
Điều Email Tài khoản,SUPPORT_EMAIL
Điều Email của tài khoản,SUPPORT_EMAIL
Điều email của bạn,SUPPORT_EMAIL
Điều email của tài khoản,SUPPORT_EMAIL
Điều email tài khoản,SUPPORT_EMAIL
Điều đơn Email,SUPPORT_EMAIL
Điện Email Tài khoản,SUPPORT_EMAIL
Đăng ký email,SUPPORT_EMAIL
Địa chỉ Email,SUPPORT_EMAIL
Địa chỉ email,SUPPORT_EMAIL
Đội hỗ trợ email,SUPPORT_EMAIL
địa chỉ email,SUPPORT_EMAIL
Credit Card Support Email Address,SUPPORT_EMAIL
Customer Support Email yêu cầu hỗ trợ,SUPPORT_EMAIL
Công ty vay Email,SUPPORT_EMAIL
Email Inbox hoặc Spam Folder,SUPPORT_EMAIL
Hộp email đăng ký,SUPPORT_EMAIL
Loan Cancellation Email Address,SUPPORT_EMAIL
Loan Department Email Address,SUPPORT_EMAIL
Loan Hỗ trợ Email Address,SUPPORT_EMAIL
Mortgage Assistance Address Email,SUPPORT_EMAIL
Mortgage Assistance Email Address,SUPPORT_EMAIL
Mortgage Cancellation Email Address,SUPPORT_EMAIL
Mortgage Department Email Address,SUPPORT_EMAIL
Mortgage Hỗ trợ Email Address,SUPPORT_EMAIL
Tin tức dịch vụ email,SUPPORT_EMAIL
Tập nhật địa chỉ email,SUPPORT_EMAIL
Điều Email Hỗ trợ Khách hàng,SUPPORT_EMAIL
Điều Email Hỗ trợ khách hàng,SUPPORT_EMAIL
Điều Email Đăng ký,SUPPORT_EMAIL
Điều Email đăng ký,SUPPORT_EMAIL
Điều email hỗ trợ khách hàng,SUPPORT_EMAIL
Điều email đăng ký,SUPPORT_EMAIL
Điều hỗ trợ khách hàng Email,SUPPORT_EMAIL
Điều Địa chỉ Email,SUPPORT_EMAIL
Điều đăng ký Email,SUPPORT_EMAIL
Điều địa chỉ email,SUPPORT_EMAIL
Điểm Email Hỗ trợ Khách hàng,SUPPORT_EMAIL
Điểm hủy bỏ Email,SUPPORT_EMAIL
Điện Email Đăng ký,SUPPORT_EMAIL
Đặt email hỗ trợ khách hàng,SUPPORT_EMAIL
Đặt hàng hỗ trợ email,SUPPORT_EMAIL
địa chỉ email tài khoản,SUPPORT_EMAIL
Các Hỗ trợ Email Địa chỉ,SUPPORT_EMAIL
Công ty Dịch vụ Email,SUPPORT_EMAIL
Công ty hỗ trợ Email Address,SUPPORT_EMAIL
Công ty địa chỉ email,SUPPORT_EMAIL
Học toán địa chỉ email,SUPPORT_EMAIL
Loan Dịch vụ Email Address,SUPPORT_EMAIL
Loan Hỗ trợ Email Địa chỉ,SUPPORT_EMAIL
Loan Hỗ trợ Địa chỉ Email,SUPPORT_EMAIL
Loan Hủy bỏ Email Address,SUPPORT_EMAIL
Loan bộ phận Email Address,SUPPORT_EMAIL
Mortgage Hủy bỏ Email Address,SUPPORT_EMAIL
Trang web hỗ trợ khách hàng Email,SUPPORT_EMAIL
Tập dịch vụ khách hàng Email,SUPPORT_EMAIL
Điều Email Dịch vụ khách hàng,SUPPORT_EMAIL
Điều dịch vụ khách hàng Email,SUPPORT_EMAIL
Điều email Dịch vụ khách hàng,SUPPORT_EMAIL
Điều email của dịch vụ khách hàng,SUPPORT_EMAIL
Điều email dịch vụ khách hàng,SUPPORT_EMAIL
Điều email hỗ trợ khách hàng của bạn,SUPPORT_EMAIL
Điều hỗ trợ khách hàng Email Address,SUPPORT_EMAIL
Điều khoản hỗ trợ khách hàng Email,SUPPORT_EMAIL
Điều kiện hỗ trợ khách hàng Email,SUPPORT_EMAIL
Điều địa chỉ Email Tài khoản,SUPPORT_EMAIL
Điều địa chỉ email của bạn,SUPPORT_EMAIL
Điện email đăng ký với tài khoản,SUPPORT_EMAIL
Đại phòng hủy bỏ email,SUPPORT_EMAIL
Đặt email dịch vụ khách hàng,SUPPORT_EMAIL
Đặt hủy dịch vụ email,SUPPORT_EMAIL
Đội Hỗ trợ Email Địa chỉ,SUPPORT_EMAIL
địa chỉ email đăng ký,SUPPORT_EMAIL
Công ty ảo địa chỉ email,SUPPORT_EMAIL
Hiện ích tài chính Địa chỉ Email,SUPPORT_EMAIL
Loan Hỗ trợ Khách hàng Địa chỉ Email,SUPPORT_EMAIL
Loan Hỗ trợ khách hàng Email Địa chỉ,SUPPORT_EMAIL
Loan Hủy bỏ địa chỉ email,SUPPORT_EMAIL
Loan bộ phận địa chỉ email,SUPPORT_EMAIL
Mortgage Hủy bỏ địa chỉ email,SUPPORT_EMAIL
Mortgage bộ phận địa chỉ email,SUPPORT_EMAIL
Điều email dịch vụ khách hàng của bạn,SUPPORT_EMAIL
Điều hỗ trợ khách hàng Email Địa chỉ,SUPPORT_EMAIL
Điều Địa chỉ Email Đăng ký,SUPPORT_EMAIL
Điều điện thoại hỗ trợ khách hàng Email,SUPPORT_EMAIL
Điểm email hủy bỏ khoản vay,SUPPORT_EMAIL
Điểm hỗ trợ khách hàng Email Địa chỉ,SUPPORT_EMAIL
Đại giao ảo địa chỉ email,SUPPORT_EMAIL
Chuyết minh dịch vụ Email Địa chỉ,SUPPORT_EMAIL
Công ty hủy bỏ địa chỉ email,SUPPORT_EMAIL
Công ty tiền gửi địa chỉ email,SUPPORT_EMAIL
Công ty đặt cọc email địa chỉ,SUPPORT_EMAIL
Loan Nhóm Hỗ trợ Khách hàng Địa chỉ Email,SUPPORT_EMAIL
Mortgage Hủy bỏ số điện thoại của bộ phận Email,SUPPORT_EMAIL
Điều điện thoại Dịch vụ khách hàng Email,SUPPORT_EMAIL
Bank Hotline,SUPPORT_PHONE
C Phone Support,SUPPORT_PHONE
Custom Phone,SUPPORT_PHONE
Custom Phone Support,SUPPORT_PHONE
Customer Phone Number,SUPPORT_PHONE
Customer Phone Support Number,SUPPORT_PHONE
Customer Service Hotline Number,SUPPORT_PHONE
Customer Service Phone Number,SUPPORT_PHONE
Customer Support Phone Line,SUPPORT_PHONE
Customer Support Phone Number,SUPPORT_PHONE
Customer Support Phone Number.,SUPPORT_PHONE
Emergency Hotline,SUPPORT_PHONE
Hotline Number,SUPPORT_PHONE
Phone Call,SUPPORT_PHONE
Support Phone Number,SUPPORT_PHONE
Telephone Number,SUPPORT_PHONE
Telephone Support Number,SUPPORT_PHONE
Telephone Support Working Hours,SUPPORT_PHONE
Contact Amex Customer Support,SUPPORT_PHONE
Contact Bank,SUPPORT_PHONE
Contact Cancel,SUPPORT_PHONE
Contact Card,SUPPORT_PHONE
Contact Channel,SUPPORT_PHONE
Contact Closed,SUPPORT_PHONE
Contact Deactivate,SUPPORT_PHONE
Contact Details,SUPPORT_PHONE
Contact Fees,SUPPORT_PHONE
Contact Form,SUPPORT_PHONE
Contact Information,SUPPORT_PHONE
Contact Management,SUPPORT_PHONE
Contact Method,SUPPORT_PHONE
Contact Name,SUPPORT_PHONE
Contact Option,SUPPORT_PHONE
Contact Page,SUPPORT_PHONE
Contact Preference,SUPPORT_PHONE
Contact Settings,SUPPORT_PHONE
Contact Summary,SUPPORT_PHONE
Contact Time,SUPPORT_PHONE
Contact Us,SUPPORT_PHONE
Contact Visa Customer Support,SUPPORT_PHONE
Contact Website URL,SUPPORT_PHONE
Customer Support Contact Method,SUPPORT_PHONE
ATM Support Phone Number,SUPPORT_PHONE
Bank Cancellation Hotline,SUPPORT_PHONE
Bank Customer Service Phone Number,SUPPORT_PHONE
Bank Customer Support Phone Number,SUPPORT_PHONE
Bank Hotline Number,SUPPORT_PHONE
Bank Phone Number,SUPPORT_PHONE
Bank Support Phone Number,SUPPORT_PHONE
Branch Support Phone Number,SUPPORT_PHONE
Cancellation Phone Number,SUPPORT_PHONE
Client Service Phone Number,SUPPORT_PHONE
Credit Hotline Number,SUPPORT_PHONE
Credit Hotline Working Hours,SUPPORT_PHONE
Credit Phone Number,SUPPORT_PHONE
Credit Support Phone Number,SUPPORT_PHONE
Custom Phone Number,SUPPORT_PHONE
Custom Phone.,SUPPORT_PHONE
Customer Express Phone Number.,SUPPORT_PHONE
Customer Phone's Support Number,SUPPORT_PHONE
Customer Support Phone Action Number,SUPPORT_PHONE
Fraud Hotline Number,SUPPORT_PHONE
International Customer Support Phone Number,SUPPORT_PHONE
International Support Phone Number,SUPPORT_PHONE
Mortgage Customer Service Phone Number,SUPPORT_PHONE
Mortgage Phone Number,SUPPORT_PHONE
Mortgage Support Phone Number,SUPPORT_PHONE
Telephone Banking Number,SUPPORT_PHONE
Visa Customer Support Phone Number,SUPPORT_PHONE
American Express Customer Service Phone Number,SUPPORT_PHONE
American Express Customer Support Phone Number,SUPPORT_PHONE
American Express Phone Number,SUPPORT_PHONE
American Express Phone Support Number,SUPPORT_PHONE
Automated Phone System Number,SUPPORT_PHONE
Conta Summary Phone Number,SUPPORT_PHONE
Contact Bank's Customer Service,SUPPORT_PHONE
Contact Card Cancellation,SUPPORT_PHONE
Contact Hỗ trợ Khách hàng,SUPPORT_PHONE
Contact Support Work Hours,SUPPORT_PHONE
Contact Work Hours,SUPPORT_PHONE
Credit Express Support Phone Number,SUPPORT_PHONE
Lender's Phone Number,SUPPORT_PHONE
Mortgage Assistance Phone Number,SUPPORT_PHONE
Mortgage Cancellation Phone Number,SUPPORT_PHONE
Mortgage Department Phone Number,SUPPORT_PHONE
Mortgage Lender Phone Number,SUPPORT_PHONE
Mortgage Services Phone Number,SUPPORT_PHONE
Telephone dịch vụ khách hàng,SUPPORT_PHONE
Telephone số dịch vụ khách hàng,SUPPORT_PHONE
24/7 Hỗ trợ khách hàng Hotline,SUPPORT_PHONE
Contact Visa Cancellation Procedure,SUPPORT_PHONE
Contact ngân hàng của bạn,SUPPORT_PHONE
Customer Phone Number trong quá trình hỗ trợ của chúng tôi,SUPPORT_PHONE
24/7,SUPPORT_PHONE
24/7 Customer Support,SUPPORT_PHONE
24/7 Customer Support Team,SUPPORT_PHONE
24/7 Hỗ trợ khách hàng,SUPPORT_PHONE
24/7 Nhóm Hỗ trợ Khách hàng,SUPPORT_PHONE
24/7 Số điện thoại hỗ trợ khách hàng,SUPPORT_PHONE
24/7 hỗ trợ khách hàng,SUPPORT_PHONE
24/7 trợ giúp,SUPPORT_PHONE
24/7 đội hỗ trợ khách hàng.,SUPPORT_PHONE
24/7Client Support Line,SUPPORT_PHONE
AMEX,SUPPORT_PHONE
AMEX Dịch vụ Điện thoại Số,SUPPORT_PHONE
AMEX Dịch vụ Điện thoại số,SUPPORT_PHONE
AMEX Hỗ trợ Khách hàng,SUPPORT_PHONE
AMEX Hỗ trợ Khách hàng Điện thoại Số,SUPPORT_PHONE
AMEX Hỗ trợ khách hàng Điện thoại Số,SUPPORT_PHONE
AMEX Khách hàng Dịch vụ Điện thoại số,SUPPORT_PHONE
AMEX Số Dịch vụ Khách hàng,SUPPORT_PHONE
AMEX Số Dịch vụ khách hàng,SUPPORT_PHONE
Accounts,SUPPORT_PHONE
American Express,SUPPORT_PHONE
American Express Dịch vụ Khách hàng Số điện thoại,SUPPORT_PHONE
American Express Dịch vụ Số,SUPPORT_PHONE
American Express Dịch vụ Điện thoại Số,SUPPORT_PHONE
American Express Dịch vụ Điện thoại Số điện thoại,SUPPORT_PHONE
American Express Dịch vụ Điện thoại số,SUPPORT_PHONE
American Express Hỗ trợ Khách hàng Điện thoại số,SUPPORT_PHONE
American Express Hỗ trợ khách hàng Điện thoại Số,SUPPORT_PHONE
American Express Hỗ trợ Điện thoại Số,SUPPORT_PHONE
American Express Khách hàng Hỗ trợ Điện thoại Số,SUPPORT_PHONE
American Express Support,SUPPORT_PHONE
Amount,SUPPORT_PHONE
Apple Maps,SUPPORT_PHONE
Authenticate Your Identity,SUPPORT_PHONE
Balances,SUPPORT_PHONE
Bank,SUPPORT_PHONE
Bank A,SUPPORT_PHONE
Bank B,SUPPORT_PHONE
Bank Hỗ trợ Điện thoại Số điện thoại,SUPPORT_PHONE
Bank Khách hàng Dịch vụ Số,SUPPORT_PHONE
Bank Khách hàng Dịch vụ Điện thoại Số,SUPPORT_PHONE
Bank Name,SUPPORT_PHONE
Bank's,SUPPORT_PHONE
Banker Malls,SUPPORT_PHONE
Banks,SUPPORT_PHONE
"Bill""",SUPPORT_PHONE
Billing,SUPPORT_PHONE
Billing Cycle,SUPPORT_PHONE
Billing Details,SUPPORT_PHONE
Billing History,SUPPORT_PHONE
Billing Information,SUPPORT_PHONE
Billing Lịch sử,SUPPORT_PHONE
Billing Summary,SUPPORT_PHONE
Biometric Authentic,SUPPORT_PHONE
Biometric Authentication,SUPPORT_PHONE
Block,SUPPORT_PHONE
Brief Description,SUPPORT_PHONE
C/7,SUPPORT_PHONE
Cancel,SUPPORT_PHONE
Cancel Profile,SUPPORT_PHONE
Cancell,SUPPORT_PHONE
Cancell Time,SUPPORT_PHONE
Cancellation,SUPPORT_PHONE
Cancellation Department,SUPPORT_PHONE
Cancellation Form,SUPPORT_PHONE
Cancellation Page,SUPPORT_PHONE
Cardholder Name,SUPPORT_PHONE
Carta Details,SUPPORT_PHONE
Charges,SUPPORT_PHONE
Check Mortgage Payments,SUPPORT_PHONE
Chiên cứu trực tuyến,SUPPORT_PHONE
Chiếc thẻ thứ ba,SUPPORT_PHONE
Chuyến dịch vụ hỗ trợ của chúng tôi!,SUPPORT_PHONE
Chuyết minh/Service,SUPPORT_PHONE
City,SUPPORT_PHONE
City Name,SUPPORT_PHONE
Close,SUPPORT_PHONE
Close Profile,SUPPORT_PHONE
Comp,SUPPORT_PHONE
Company,SUPPORT_PHONE
Company Name,SUPPORT_PHONE
Company name,SUPPORT_PHONE
Confirm,SUPPORT_PHONE
Confirmation,SUPPORT_PHONE
Confirmation Method,SUPPORT_PHONE
Conta Benefits,SUPPORT_PHONE
Conta Cancel,SUPPORT_PHONE
Conta Closes,SUPPORT_PHONE
Conta Details,SUPPORT_PHONE
Conta Settings,SUPPORT_PHONE
Conta Summary,SUPPORT_PHONE
Conta and Charges,SUPPORT_PHONE
Continue,SUPPORT_PHONE
Conto Overview,SUPPORT_PHONE
Convenience Stores,SUPPORT_PHONE
Cortgage Department,SUPPORT_PHONE
Council tài chính,SUPPORT_PHONE
Cung cấp thông tin cần thiết khác,SUPPORT_PHONE
Currency,SUPPORT_PHONE
Custom Dates,SUPPORT_PHONE
Custom Support Team,SUPPORT_PHONE
Customer,SUPPORT_PHONE
Customer Branches,SUPPORT_PHONE
Customer Hỗ trợ,SUPPORT_PHONE
Customer Hỗ trợ Công việc giờ,SUPPORT_PHONE
Customer Hỗ trợ Số,SUPPORT_PHONE
Customer Hỗ trợ Điện thoại Số,SUPPORT_PHONE
Customer ID,SUPPORT_PHONE
Customer Information,SUPPORT_PHONE
Customer Management,SUPPORT_PHONE
Customer Name,SUPPORT_PHONE
Customer Service,SUPPORT_PHONE
Customer Service Department,SUPPORT_PHONE
Customer Service Team,SUPPORT_PHONE
Customer Services,SUPPORT_PHONE
Customer Settings,SUPPORT_PHONE
Customer Suppor,SUPPORT_PHONE
Customer Support,SUPPORT_PHONE
Customer Support Amount,SUPPORT_PHONE
Customer Support Channel,SUPPORT_PHONE
Customer Support Channels,SUPPORT_PHONE
Customer Support Department,SUPPORT_PHONE
Customer Support End Time,SUPPORT_PHONE
Customer Support H,SUPPORT_PHONE
Customer Support Helpline,SUPPORT_PHONE
Customer Support Number.,SUPPORT_PHONE
Customer Support Page,SUPPORT_PHONE
Customer Support Services,SUPPORT_PHONE
Customer Support Start Time,SUPPORT_PHONE
Customer Support Team,SUPPORT_PHONE
"Customer Support Team, hoặc bất kỳ tài liệu liên quan khác",SUPPORT_PHONE
Customer Support Work Hours.,SUPPORT_PHONE
Customer Support ca,SUPPORT_PHONE
Customer Support team,SUPPORT_PHONE
Customer Support tại,SUPPORT_PHONE
Customer Support.,SUPPORT_PHONE
Customer Work Hours.,SUPPORT_PHONE
Customer hỗ trợ,SUPPORT_PHONE
Customer hỗ trợ cho tôi!,SUPPORT_PHONE
Customer hỗ trợ giúp bạn có thể hỗ trợ!,SUPPORT_PHONE
"Customer hỗ trợ khách hàng, hoặc hỗ trợ khách hàng của chúng tôi.",SUPPORT_PHONE
Customer hỗ trợ!,SUPPORT_PHONE
Customer support web,SUPPORT_PHONE
Cài đặt,SUPPORT_PHONE
Cài đặt An toàn,SUPPORT_PHONE
Cài đặt Hồ sơ,SUPPORT_PHONE
Cài đặt an toàn,SUPPORT_PHONE
Cài đặt chi tiết,SUPPORT_PHONE
Cài đặt hồ sơ,SUPPORT_PHONE
Cài đặt thẻ,SUPPORT_PHONE
Các Hỗ trợ Kinh doanh,SUPPORT_PHONE
Các Hỗ trợ Điện thoại,SUPPORT_PHONE
Các Hỗ trợ Điện thoại số,SUPPORT_PHONE
Các Hỗ trợ Điện thoại Điện thoại Điện thoại,SUPPORT_PHONE
Các Số Điện thoại Hỗ trợ Khách hàng,SUPPORT_PHONE
Các Thẻ Hủy,SUPPORT_PHONE
Các Tờ Hủy,SUPPORT_PHONE
Các Tờ Quản lý,SUPPORT_PHONE
Các hỗ trợ khách hàng của chúng tôi.,SUPPORT_PHONE
Các khoản chuyển khoản ngân hàng,SUPPORT_PHONE
Các khoản hỗ trợ khách hàng Số điện thoại,SUPPORT_PHONE
Các khoản hỗ trợ điện thoại,SUPPORT_PHONE
Các khoản ngân hàng,SUPPORT_PHONE
Các khoản số,SUPPORT_PHONE
Các khoản thẻ,SUPPORT_PHONE
Các khoản tổng quan,SUPPORT_PHONE
Các loại thẻ,SUPPORT_PHONE
Các số chuyển khoản ngân hàng,SUPPORT_PHONE
Các số điện thoại dịch vụ khách hàng,SUPPORT_PHONE
Các số điện thoại hỗ trợ khách hàng,SUPPORT_PHONE
Các thẻ của bạn,SUPPORT_PHONE
Các thẻ của tôi,SUPPORT_PHONE
Các thẻ hủy,SUPPORT_PHONE
Các thẻ quản lý,SUPPORT_PHONE
Các thẻ tín dụng,SUPPORT_PHONE
Các thẻ tín dụng số,SUPPORT_PHONE
Câu chuyện Timeframe,SUPPORT_PHONE
Câu chuyện số,SUPPORT_PHONE
Câu chuyện thời gian,SUPPORT_PHONE
Câu thuẫn Trung tâm,SUPPORT_PHONE
Câu thuẫn khách hàng,SUPPORT_PHONE
Công cụ xác thực,SUPPORT_PHONE
Công khoản Số,SUPPORT_PHONE
Công khoản tổng hợp,SUPPORT_PHONE
Công khoản và điều kiện của thẻ tín dụng,SUPPORT_PHONE
Công khoản và điều kiện thẻ tín dụng,SUPPORT_PHONE
Công nhận thông tin cần thiết thêm,SUPPORT_PHONE
Công suất hàng năm của thẻ,SUPPORT_PHONE
Công suất và Giá trị,SUPPORT_PHONE
Công sách quyền riêng tư,SUPPORT_PHONE
Công số Điện thoại Hỗ trợ Quốc tế,SUPPORT_PHONE
Công số điện thoại của công ty,SUPPORT_PHONE
Công thức liên lạc được yêu thích,SUPPORT_PHONE
Công tin,SUPPORT_PHONE
Công trình thời gian.,SUPPORT_PHONE
Công ty,SUPPORT_PHONE
Công ty Dịch vụ thuê nhà,SUPPORT_PHONE
Công ty Dịch vụ Điện thoại Số,SUPPORT_PHONE
Công ty Dịch vụ Điện thoại số.,SUPPORT_PHONE
Công ty Hỗ trợ,SUPPORT_PHONE
Công ty Hỗ trợ Công việc,SUPPORT_PHONE
Công ty Hỗ trợ Công việc Hành Trình,SUPPORT_PHONE
Công ty Hỗ trợ số,SUPPORT_PHONE
Công ty Hỗ trợ số điện thoại,SUPPORT_PHONE
Công ty Hỗ trợ thẻ,SUPPORT_PHONE
Công ty Hỗ trợ Điện thoại,SUPPORT_PHONE
Công ty Hỗ trợ Điện thoại Số,SUPPORT_PHONE
Công ty Hỗ trợ Điện thoại Số.,SUPPORT_PHONE
Công ty Hỗ trợ Điện thoại số,SUPPORT_PHONE
Công ty Hỗ trợ Điện thoại số.,SUPPORT_PHONE
Công ty Name,SUPPORT_PHONE
Công ty Ngân hàng,SUPPORT_PHONE
Công ty Now,SUPPORT_PHONE
Công ty Quyền riêng tư,SUPPORT_PHONE
Công ty Số,SUPPORT_PHONE
Công ty Thiết lập,SUPPORT_PHONE
Công ty Trang web,SUPPORT_PHONE
Công ty Tên,SUPPORT_PHONE
Công ty bảo hiểm,SUPPORT_PHONE
Công ty chi tiết,SUPPORT_PHONE
Công ty cân bằng,SUPPORT_PHONE
Công ty dịch vụ,SUPPORT_PHONE
Công ty dịch vụ tiền gửi,SUPPORT_PHONE
Công ty giải quyết,SUPPORT_PHONE
Công ty hỗ trợ Điện thoại Số,SUPPORT_PHONE
Công ty hỗ trợ điện thoại,SUPPORT_PHONE
Công ty hủy,SUPPORT_PHONE
Công ty hủy bỏ,SUPPORT_PHONE
Công ty hủy bỏ số điện thoại,SUPPORT_PHONE
Công ty hủy bỏ tiền điện thoại,SUPPORT_PHONE
Công ty hủy bỏ tiền đặt cọc,SUPPORT_PHONE
Công ty kích hoạt,SUPPORT_PHONE
Công ty quản lý,SUPPORT_PHONE
Công ty số,SUPPORT_PHONE
Công ty thanh toán,SUPPORT_PHONE
Công ty thuê nhà,SUPPORT_PHONE
Công ty thông tin,SUPPORT_PHONE
Công ty thẻ tín dụng,SUPPORT_PHONE
Công ty tiền gửi,SUPPORT_PHONE
Công ty tiền gửi số,SUPPORT_PHONE
Công ty tranh chấp,SUPPORT_PHONE
Công ty tư vấn tài chính,SUPPORT_PHONE
Công ty tổng hợp,SUPPORT_PHONE
Công ty tổng quan,SUPPORT_PHONE
Công ty và Điều kiện,SUPPORT_PHONE
Công ty và điều kiện,SUPPORT_PHONE
Công ty Điện thoại,SUPPORT_PHONE
Công ty Điện thoại kích hoạt,SUPPORT_PHONE
Công ty Đánh giá,SUPPORT_PHONE
Công ty đặt cọc,SUPPORT_PHONE
Công ty đặt cọc số điện thoại,SUPPORT_PHONE
Công ty ảo,SUPPORT_PHONE
Công ty ảo số điện thoại,SUPPORT_PHONE
Công ty ủng hộ,SUPPORT_PHONE
Công ty Ứng dụng,SUPPORT_PHONE
Công việc chi tiết,SUPPORT_PHONE
Công việc cài đặt,SUPPORT_PHONE
Công việc cài đặt thẻ,SUPPORT_PHONE
Công việc dịch vụ thẻ,SUPPORT_PHONE
Công việc giá thẻ,SUPPORT_PHONE
Công việc kích hoạt thẻ,SUPPORT_PHONE
Công việc ngân hàng,SUPPORT_PHONE
Công việc quản lý thẻ,SUPPORT_PHONE
Công việc số,SUPPORT_PHONE
Công việc thông tin,SUPPORT_PHONE
Công việc thẻ,SUPPORT_PHONE
Công việc thẻ tín dụng,SUPPORT_PHONE
Công việc thẻ tạm thời không khả thi,SUPPORT_PHONE
Công việc tín dụng,SUPPORT_PHONE
Công ước quyền riêng tư,SUPPORT_PHONE
Công ước và Điều khoản,SUPPORT_PHONE
Công ước và Điều kiện,SUPPORT_PHONE
Công ước và điều kiện,SUPPORT_PHONE
Cập nhật,SUPPORT_PHONE
Cắt Hồ sơ,SUPPORT_PHONE
Date,SUPPORT_PHONE
Date and Time,SUPPORT_PHONE
Days of the Week,SUPPORT_PHONE
Deactivate Profile,SUPPORT_PHONE
Delete,SUPPORT_PHONE
Delete Profile,SUPPORT_PHONE
Destined Username,SUPPORT_PHONE
Dispute,SUPPORT_PHONE
Dịch vụ Khách hàng Ngân hàng,SUPPORT_PHONE
Dịch vụ khách hàng,SUPPORT_PHONE
Expansion Date,SUPPORT_PHONE
Face ID,SUPPORT_PHONE
Financial Services Department,SUPPORT_PHONE
Finish,SUPPORT_PHONE
First Name,SUPPORT_PHONE
Fraud Department,SUPPORT_PHONE
Full,SUPPORT_PHONE
Full Name,SUPPORT_PHONE
Gas Stations,SUPPORT_PHONE
Giờ hỗ trợ khách hàng,SUPPORT_PHONE
Google Maps,SUPPORT_PHONE
Hiển khoản của người nhận,SUPPORT_PHONE
Hiển khoản hướng dẫn,SUPPORT_PHONE
Hiển khoản ngân hàng,SUPPORT_PHONE
Hiển khoản số,SUPPORT_PHONE
Hiện ID,SUPPORT_PHONE
Hiện dịch,SUPPORT_PHONE
Hiện dịch số,SUPPORT_PHONE
Hiện hoạt thẻ,SUPPORT_PHONE
Hiện hoạt thẻ của bạn,SUPPORT_PHONE
Hiện hỗ trợ khách hàng,SUPPORT_PHONE
Hiện hỗ trợ khách hàng.,SUPPORT_PHONE
Hiện hỗ trợ điện thoại,SUPPORT_PHONE
Hiện khoản Dịch vụ khách hàng,SUPPORT_PHONE
Hiện khoản Dịch vụ Điện thoại,SUPPORT_PHONE
Hiện khoản Hỗ trợ Điện thoại,SUPPORT_PHONE
Hiện khoản ID,SUPPORT_PHONE
Hiện khoản Số,SUPPORT_PHONE
Hiện khoản của bạn,SUPPORT_PHONE
Hiện khoản dịch vụ điện thoại của khách hàng,SUPPORT_PHONE
Hiện khoản dịch vụ điện thoại khách hàng,SUPPORT_PHONE
Hiện khoản hỗ trợ khách hàng,SUPPORT_PHONE
Hiện khoản hỗ trợ khách hàng Điện thoại,SUPPORT_PHONE
Hiện khoản hỗ trợ khách hàng Điện thoại số,SUPPORT_PHONE
Hiện khoản hỗ trợ khách hàng.,SUPPORT_PHONE
Hiện khoản hỗ trợ Điện thoại.,SUPPORT_PHONE
Hiện khoản hỗ trợ điện thoại của khách hàng,SUPPORT_PHONE
Hiện khoản hỗ trợ điện thoại khách hàng,SUPPORT_PHONE
Hiện khoản số,SUPPORT_PHONE
Hiện khoản thẻ tín dụng,SUPPORT_PHONE
Hiện khoản tiết kiệm,SUPPORT_PHONE
Hiện khoản tín dụng,SUPPORT_PHONE
Hiện khoản Điện thoại.,SUPPORT_PHONE
Hiện số,SUPPORT_PHONE
Hiện số điện thoại hỗ trợ khách hàng,SUPPORT_PHONE
Hiện số điện thoại.,SUPPORT_PHONE
Hiện thẻ tín dụng,SUPPORT_PHONE
Hiện ích Web của công ty,SUPPORT_PHONE
Hiện ích hỗ trợ khách hàng Điện thoại số,SUPPORT_PHONE
Hiện ích khách hàng Điện thoại Số,SUPPORT_PHONE
Hiện ích tài chính Điện thoại Số,SUPPORT_PHONE
Hiện ích điện thoại của khách hàng,SUPPORT_PHONE
Horh làm việc,SUPPORT_PHONE
Hành động hỗ trợ khách hàng,SUPPORT_PHONE
Hành động hỗ trợ khách hàng Điện thoại số,SUPPORT_PHONE
Hành động thuê nhà,SUPPORT_PHONE
Hành động thẻ,SUPPORT_PHONE
Hành động thẻ tín dụng,SUPPORT_PHONE
Hình hỗ trợ khách hàng Điện thoại,SUPPORT_PHONE
Hôm hỗ trợ khách hàng Điện thoại số,SUPPORT_PHONE
Hôm hỗ trợ kích hoạt quốc tế,SUPPORT_PHONE
Hôm hỗ trợ điện thoại kích hoạt quốc tế,SUPPORT_PHONE
Hôm làm việc,SUPPORT_PHONE
Hôm thanh toán,SUPPORT_PHONE
Hệ vụ đặt cọc,SUPPORT_PHONE
Học tiền hỗ trợ khách hàng,SUPPORT_PHONE
Học toán số,SUPPORT_PHONE
Hỗ trợ khách hàng Điện thoại số,SUPPORT_PHONE
Hộp khoản,SUPPORT_PHONE
Hộp khoản Name,SUPPORT_PHONE
Hộp khoản chuyển khoản,SUPPORT_PHONE
Hộp khoản ngân hàng,SUPPORT_PHONE
Hộp số hướng dẫn,SUPPORT_PHONE
Hộp số ngân hàng Routing,SUPPORT_PHONE
Hộp tiền chuyển giao ngân hàng,SUPPORT_PHONE
Hộp tiền tên,SUPPORT_PHONE
Hộp tiền định tuyến,SUPPORT_PHONE
Hộp tiền định tuyến ngân hàng,SUPPORT_PHONE
Hộp tiền_,SUPPORT_PHONE
Hộp điện thoại hỗ trợ khách hàng,SUPPORT_PHONE
Hộp đơn dịch vụ điện thoại,SUPPORT_PHONE
Hộp đơn hỗ trợ khách hàng,SUPPORT_PHONE
Hộp đơn tên,SUPPORT_PHONE
Hủy,SUPPORT_PHONE
Hủy bỏ,SUPPORT_PHONE
Hủy bỏ Bộ Điện thoại số,SUPPORT_PHONE
Hủy bỏ Trợ giúp,SUPPORT_PHONE
Hủy bỏ thông tin liên lạc,SUPPORT_PHONE
Hủy chuyển khoản,SUPPORT_PHONE
ID Người dùng,SUPPORT_PHONE
ID hợp lệ,SUPPORT_PHONE
Identification Documents,SUPPORT_PHONE
Identifying Information,SUPPORT_PHONE
Invoices,SUPPORT_PHONE
Lan Lẻ,SUPPORT_PHONE
Lan lẻ,SUPPORT_PHONE
Landlord's Name,SUPPORT_PHONE
Last Month,SUPPORT_PHONE
Last Name,SUPPORT_PHONE
Lender Directions,SUPPORT_PHONE
Lending Platforms,SUPPORT_PHONE
LendingPlatform.com,SUPPORT_PHONE
Liên hệ với bộ phận dịch vụ khách hàng của ngân hàng của bạn,SUPPORT_PHONE
Liên hệ với bộ phận tiền ủng hộ của chúng tôi,SUPPORT_PHONE
Liên hệ với chúng tôi,SUPPORT_PHONE
Liên hệ với ngân hàng của bạn,SUPPORT_PHONE
Liên hệ với phát hành thẻ tín dụng của bạn,SUPPORT_PHONE
LoanCompany.com,SUPPORT_PHONE
LoanWebsite.com,SUPPORT_PHONE
Loans,SUPPORT_PHONE
Local Branches,SUPPORT_PHONE
Locations,SUPPORT_PHONE
MATM,SUPPORT_PHONE
Maps,SUPPORT_PHONE
Mobile Bank,SUPPORT_PHONE
Mortgage,SUPPORT_PHONE
Mortgage Agreement,SUPPORT_PHONE
Mortgage Application,SUPPORT_PHONE
Mortgage Application Form,SUPPORT_PHONE
Mortgage Assistance,SUPPORT_PHONE
Mortgage Assistance Department,SUPPORT_PHONE
Mortgage Assistance Team,SUPPORT_PHONE
Mortgage Bank,SUPPORT_PHONE
Mortgage Cancellation,SUPPORT_PHONE
Mortgage Cancellation Department,SUPPORT_PHONE
Mortgage Cancellation Điện thoại Số,SUPPORT_PHONE
Mortgage Company,SUPPORT_PHONE
Mortgage Customer Service,SUPPORT_PHONE
Mortgage Customer Service Team,SUPPORT_PHONE
Mortgage Customer Support Team,SUPPORT_PHONE
Mortgage Dashboard,SUPPORT_PHONE
Mortgage Department,SUPPORT_PHONE
Mortgage Department Điện thoại Số,SUPPORT_PHONE
Mortgage Department Điện thoại số,SUPPORT_PHONE
Mortgage Dịch vụ Khách hàng,SUPPORT_PHONE
Mortgage Dịch vụ khách hàng,SUPPORT_PHONE
Mortgage Dịch vụ Điện thoại số,SUPPORT_PHONE
Mortgage Dịch vụ điện thoại,SUPPORT_PHONE
Mortgage Helpdesk,SUPPORT_PHONE
Mortgage Helpline,SUPPORT_PHONE
Mortgage History,SUPPORT_PHONE
Mortgage Hỗ trợ Bộ,SUPPORT_PHONE
Mortgage Hỗ trợ Khách hàng,SUPPORT_PHONE
Mortgage Hỗ trợ Khách hàng Nhóm,SUPPORT_PHONE
Mortgage Hỗ trợ Nhóm,SUPPORT_PHONE
Mortgage Hỗ trợ Điện thoại Số,SUPPORT_PHONE
Mortgage Hỗ trợ Điện thoại số,SUPPORT_PHONE
Mortgage Hủy bỏ Bộ phận,SUPPORT_PHONE
Mortgage Hủy bỏ số điện thoại,SUPPORT_PHONE
Mortgage Hủy bỏ số điện thoại của bộ phận,SUPPORT_PHONE
Mortgage Hủy bỏ tiền đặt cọc số điện thoại,SUPPORT_PHONE
Mortgage Information,SUPPORT_PHONE
Mortgage Khách hàng Dịch vụ,SUPPORT_PHONE
Mortgage Lender,SUPPORT_PHONE
Mortgage Lender Name,SUPPORT_PHONE
Mortgage Nhà cung cấp dịch vụ,SUPPORT_PHONE
Mortgage Nhà cung cấp số điện thoại,SUPPORT_PHONE
Mortgage Nhóm Hỗ trợ Khách hàng,SUPPORT_PHONE
Mortgage Pay,SUPPORT_PHONE
Mortgage Payments,SUPPORT_PHONE
Mortgage Provider,SUPPORT_PHONE
Mortgage Provider Customer Support,SUPPORT_PHONE
Mortgage Provider Name,SUPPORT_PHONE
Mortgage Provider's,SUPPORT_PHONE
Mortgage Providers,SUPPORT_PHONE
Mortgage Refinancing Department,SUPPORT_PHONE
Mortgage Refinancing Program,SUPPORT_PHONE
Mortgage Service,SUPPORT_PHONE
Mortgage Service Provider,SUPPORT_PHONE
Mortgage Service Team,SUPPORT_PHONE
Mortgage Services,SUPPORT_PHONE
Mortgage Services Team,SUPPORT_PHONE
Mortgage So sánh Trang web,SUPPORT_PHONE
Mortgage Specialist,SUPPORT_PHONE
Mortgage Specialist Team,SUPPORT_PHONE
Mortgage Specialists,SUPPORT_PHONE
Mortgage Support,SUPPORT_PHONE
Mortgage Support Team,SUPPORT_PHONE
Mortgage Thỏa thuận,SUPPORT_PHONE
Mortgage amount,SUPPORT_PHONE
Mortgage bộ phận số điện thoại,SUPPORT_PHONE
Mortgage date,SUPPORT_PHONE
Mortgage Điện thoại Số,SUPPORT_PHONE
Mortgage Điện thoại số,SUPPORT_PHONE
My Amex Dịch vụ Điện thoại số,SUPPORT_PHONE
My Loans,SUPPORT_PHONE
My Mortgage Payments,SUPPORT_PHONE
My Orders,SUPPORT_PHONE
My Payments,SUPPORT_PHONE
MyBank,SUPPORT_PHONE
Mọi thông tin cụ thể hoặc yêu cầu liên quan đến hủy bỏ,SUPPORT_PHONE
Name,SUPPORT_PHONE
Name Bank,SUPPORT_PHONE
Name Ngân hàng,SUPPORT_PHONE
Name User,SUPPORT_PHONE
Name của người nhận,SUPPORT_PHONE
Name ngân hàng,SUPPORT_PHONE
Name người dùng,SUPPORT_PHONE
Name user,SUPPORT_PHONE
NameBank,SUPPORT_PHONE
NameBank file to a dispute,SUPPORT_PHONE
NameBank's's customer's team,SUPPORT_PHONE
Name_Bank,SUPPORT_PHONE
Next,SUPPORT_PHONE
Ngay khoản ngân hàng,SUPPORT_PHONE
Ngày Sinh nhật,SUPPORT_PHONE
Ngày cuối 4 của SSN,SUPPORT_PHONE
Ngày làm việc Ngân hàng,SUPPORT_PHONE
Ngày sinh,SUPPORT_PHONE
Ngày sinh nhật,SUPPORT_PHONE
Ngân hàng Dịch vụ Khách hàng Điện thoại Số,SUPPORT_PHONE
Ngân hàng Dịch vụ giờ,SUPPORT_PHONE
Ngân hàng Dịch vụ Điện thoại Số,SUPPORT_PHONE
Ngân hàng Hỗ trợ Khách hàng,SUPPORT_PHONE
Ngân hàng Hỗ trợ Khách hàng Điện thoại Số,SUPPORT_PHONE
Ngân hàng Hỗ trợ Điện thoại Số,SUPPORT_PHONE
Ngân hàng Hỗ trợ Điện thoại số,SUPPORT_PHONE
Ngân hàng Hỗ trợ Điện thoại.,SUPPORT_PHONE
Nhà Người dùng,SUPPORT_PHONE
Nhà công ty,SUPPORT_PHONE
Nhà của người gửi,SUPPORT_PHONE
Nhà hỗ trợ khách hàng số điện thoại,SUPPORT_PHONE
Nhà hỗ trợ khách hàng Điện thoại số,SUPPORT_PHONE
Nhà ngân hàng,SUPPORT_PHONE
Nhà người dùng,SUPPORT_PHONE
Nhà người sử dụng,SUPPORT_PHONE
Nhà nhận,SUPPORT_PHONE
Nhà sản phẩm,SUPPORT_PHONE
Nhà sử,SUPPORT_PHONE
Nhà sử dụng,SUPPORT_PHONE
Nhà địa điểm gần nhất của ngành,SUPPORT_PHONE
Nhà định,SUPPORT_PHONE
Nhân số người dùng,SUPPORT_PHONE
Nhân viên,SUPPORT_PHONE
Nhình số trợ giúp khẩn cấp,SUPPORT_PHONE
Nhình yêu cầu,SUPPORT_PHONE
Nhạc,SUPPORT_PHONE
Nhạc Amount,SUPPORT_PHONE
Nhạc Công ty,SUPPORT_PHONE
Nhạc Hỗ trợ Khách hàng,SUPPORT_PHONE
Nhạc ID,SUPPORT_PHONE
Nhạc Liên minh tín dụng,SUPPORT_PHONE
Nhạc Ngân hàng,SUPPORT_PHONE
Nhạc Người dùng,SUPPORT_PHONE
Nhạc của người bạn,SUPPORT_PHONE
Nhạc dịch vụ khách hàng,SUPPORT_PHONE
Nhạc hỗ trợ khách hàng Điện thoại,SUPPORT_PHONE
Nhạc khách hàng,SUPPORT_PHONE
Nhạc máy,SUPPORT_PHONE
Nhạc máy chủ,SUPPORT_PHONE
Nhạc máy tính,SUPPORT_PHONE
Nhạc ngân hàng,SUPPORT_PHONE
Nhạc ngân hàng của bạn,SUPPORT_PHONE
Nhạc người dùng,SUPPORT_PHONE
Nhạc người nhận,SUPPORT_PHONE
Nhạc nhân,SUPPORT_PHONE
Nhạc sĩ,SUPPORT_PHONE
Nhạc sử dụng,SUPPORT_PHONE
Nhạc thẻ,SUPPORT_PHONE
Nhạc thẻ người dùng,SUPPORT_PHONE
Nhạc Điện thoại Hỗ trợ Khách hàng,SUPPORT_PHONE
Nhạc điện thoại,SUPPORT_PHONE
Nhạc điện thoại hỗ trợ khách hàng,SUPPORT_PHONE
Nhạc điện tử,SUPPORT_PHONE
Nhạc đơn,SUPPORT_PHONE
Nhạc đơn hàng,SUPPORT_PHONE
Nhạc đầy đủ,SUPPORT_PHONE
Nhạc ứng dụng,SUPPORT_PHONE
Nhạc ứng dụng hỗ trợ,SUPPORT_PHONE
Những người dùng,SUPPORT_PHONE
Nó Ngân hàng,SUPPORT_PHONE
Nữ người dùng,SUPPORT_PHONE
Order History,SUPPORT_PHONE
POT,SUPPORT_PHONE
Partnerks,SUPPORT_PHONE
Payments,SUPPORT_PHONE
Peer-to-Peer-Peer Platforms,SUPPORT_PHONE
Personal Identification Information,SUPPORT_PHONE
Personal Information,SUPPORT_PHONE
Privacy,SUPPORT_PHONE
Product/Service,SUPPORT_PHONE
Profil của tôi,SUPPORT_PHONE
Profile,SUPPORT_PHONE
Profile Management,SUPPORT_PHONE
Profile Name,SUPPORT_PHONE
Profile Settings,SUPPORT_PHONE
Profile Username,SUPPORT_PHONE
Reason,SUPPORT_PHONE
Reason for Cancellation,SUPPORT_PHONE
Recipient Name,SUPPORT_PHONE
Recipient's Name,SUPPORT_PHONE
Refinancing bộ,SUPPORT_PHONE
Rent Amount,SUPPORT_PHONE
Request Cancellation,SUPPORT_PHONE
Response Time,SUPPORT_PHONE
Response Time.,SUPPORT_PHONE
Response Timeframe,SUPPORT_PHONE
Reverse,SUPPORT_PHONE
Revoke,SUPPORT_PHONE
Save,SUPPORT_PHONE
Save Changes,SUPPORT_PHONE
Savings,SUPPORT_PHONE
Sender's Information,SUPPORT_PHONE
Sender's Name,SUPPORT_PHONE
Settings,SUPPORT_PHONE
Settings Profile,SUPPORT_PHONE
Sign In,SUPPORT_PHONE
Sign Up,SUPPORT_PHONE
Sign-in,SUPPORT_PHONE
Social Media Platform,SUPPORT_PHONE
Social Media Platform.,SUPPORT_PHONE
Social Media Profile Name,SUPPORT_PHONE
Social Media Support,SUPPORT_PHONE
Specific Inquiry,SUPPORT_PHONE
Specific Issue,SUPPORT_PHONE
Sport,SUPPORT_PHONE
Standard Response Time,SUPPORT_PHONE
Stop,SUPPORT_PHONE
Submit,SUPPORT_PHONE
Supdate,SUPPORT_PHONE
Supmit,SUPPORT_PHONE
Support,SUPPORT_PHONE
Support Information.,SUPPORT_PHONE
Supporting Hours.,SUPPORT_PHONE
Sản khoản chuyển khoản,SUPPORT_PHONE
Sản phần thanh toán,SUPPORT_PHONE
Số Dịch vụ Khách hàng Ngân hàng,SUPPORT_PHONE
Số điện thoại Hỗ trợ Khách hàng Ngân hàng,SUPPORT_PHONE
Số điện thoại Ngân hàng,SUPPORT_PHONE
TID chuyển khoản,SUPPORT_PHONE
TID khách hàng,SUPPORT_PHONE
Talk to a Agent,SUPPORT_PHONE
Talk to a Human,SUPPORT_PHONE
Talk to an Agent,SUPPORT_PHONE
Tan tích các lựa chọn khác,SUPPORT_PHONE
Tan tích các điều khoản tiền ủng hộ của bạn,SUPPORT_PHONE
Tay của sinh,SUPPORT_PHONE
Tay ngày sinh,SUPPORT_PHONE
Tay sinh,SUPPORT_PHONE
Thank ID,SUPPORT_PHONE
Thanks,SUPPORT_PHONE
Thanks Details,SUPPORT_PHONE
Thanks History,SUPPORT_PHONE
Thanks ID,SUPPORT_PHONE
Thanks Recent,SUPPORT_PHONE
Thiên thông tin cá nhân,SUPPORT_PHONE
Thiết kế liên lạc,SUPPORT_PHONE
Thiết minh về bản sắc,SUPPORT_PHONE
Thiết minh về bản thân,SUPPORT_PHONE
Thiết minh về chỗ ở,SUPPORT_PHONE
Thiết tiết thanh toán,SUPPORT_PHONE
Thiết định dạng,SUPPORT_PHONE
Thiết định địa chỉ,SUPPORT_PHONE
Thiện hỗ trợ điện thoại khách hàng,SUPPORT_PHONE
Thuyên định,SUPPORT_PHONE
Thuyết dịch,SUPPORT_PHONE
Thuyết minh,SUPPORT_PHONE
Thuyết toán,SUPPORT_PHONE
Thuyết định,SUPPORT_PHONE
Thuyền chuyển,SUPPORT_PHONE
Thuyền hỗ trợ khách hàng Điện thoại số,SUPPORT_PHONE
Thuyền tài chính,SUPPORT_PHONE
Thuế Dịch vụ,SUPPORT_PHONE
Thuế Tăng,SUPPORT_PHONE
Thông tin hỗ trợ khách hàng Điện thoại số,SUPPORT_PHONE
Thông việc ngày,SUPPORT_PHONE
Thông việc số,SUPPORT_PHONE
Thỏa thuận Ngày và Thời gian,SUPPORT_PHONE
Thời gian,SUPPORT_PHONE
Thời gian thanh toán,SUPPORT_PHONE
Thời gian và Thời gian,SUPPORT_PHONE
Thời gian và thời gian,SUPPORT_PHONE
Thời gian xử lý,SUPPORT_PHONE
Thời xử lý,SUPPORT_PHONE
Time,SUPPORT_PHONE
Tin tức cá nhân,SUPPORT_PHONE
Tin tức dịch vụ khách hàng,SUPPORT_PHONE
Tin tức thẻ tín dụng,SUPPORT_PHONE
Touch ID,SUPPORT_PHONE
Trang Hỗ trợ Khách hàng,SUPPORT_PHONE
Trang Ngân hàng,SUPPORT_PHONE
Trang Ngân hàng Trang web,SUPPORT_PHONE
Trang Ngân hàng trực tuyến,SUPPORT_PHONE
Trang Ngân hàng trực tuyến của Ngân hàng,SUPPORT_PHONE
Trang Tài chính,SUPPORT_PHONE
Trang chuyển khoản,SUPPORT_PHONE
Trang chủ Trang web,SUPPORT_PHONE
Trang của tôi,SUPPORT_PHONE
Trang dịch,SUPPORT_PHONE
Trang dịch vụ,SUPPORT_PHONE
Trang dịch vụ Ngân hàng,SUPPORT_PHONE
Trang dịch vụ chuyển khoản,SUPPORT_PHONE
Trang dịch vụ chuyển khoản tiền.,SUPPORT_PHONE
Trang dịch vụ của người nhận,SUPPORT_PHONE
Trang dịch vụ hỗ trợ,SUPPORT_PHONE
Trang dịch vụ khách hàng của Ngân hàng,SUPPORT_PHONE
Trang dịch vụ lịch sử,SUPPORT_PHONE
Trang dịch vụ một thời gian,SUPPORT_PHONE
Trang dịch vụ ngân hàng,SUPPORT_PHONE
Trang dịch vụ quốc tế,SUPPORT_PHONE
Trang dịch vụ số,SUPPORT_PHONE
Trang dịch vụ tiền,SUPPORT_PHONE
Trang dịch vụ tài chính,SUPPORT_PHONE
Trang dịch vụ Điện thoại số,SUPPORT_PHONE
Trang dịch vụ điện thoại của khách hàng,SUPPORT_PHONE
Trang dịch vụ điện thoại số,SUPPORT_PHONE
Trang dịch vụ_,SUPPORT_PHONE
Trang hoặc Trang web,SUPPORT_PHONE
Trang hỗ trợ khách hàng,SUPPORT_PHONE
Trang hỗ trợ khách hàng Số điện thoại,SUPPORT_PHONE
Trang ngân hàng,SUPPORT_PHONE
Trang tín dụng,SUPPORT_PHONE
Trang tín dụng 1,SUPPORT_PHONE
Trang tín dụng 2,SUPPORT_PHONE
Trang tín dụng 3,SUPPORT_PHONE
Trang web Ngân hàng,SUPPORT_PHONE
Trang web của Ngân hàng,SUPPORT_PHONE
Trang web của công ty,SUPPORT_PHONE
Trang web hỗ trợ khách hàng,SUPPORT_PHONE
Trang web hỗ trợ khách hàng số,SUPPORT_PHONE
Trang web hỗ trợ khách hàng Điện thoại số,SUPPORT_PHONE
Trang web ngân hàng,SUPPORT_PHONE
Trang địa phương 1,SUPPORT_PHONE
Trang địa phương 2,SUPPORT_PHONE
Trang địa phương 3,SUPPORT_PHONE
Travel Dates,SUPPORT_PHONE
Trong khoản thanh toán,SUPPORT_PHONE
Trung Quốc 1,SUPPORT_PHONE
Trung Quốc 2,SUPPORT_PHONE
Trung dịch vụ ngân hàng,SUPPORT_PHONE
Trung tâm Ngân hàng,SUPPORT_PHONE
Trung web của công ty,SUPPORT_PHONE
Truyện Tranh Mới,SUPPORT_PHONE
Tuyết của tuần,SUPPORT_PHONE
Tuyền của tôi,SUPPORT_PHONE
Tuyền hỗ trợ khách hàng Số điện thoại,SUPPORT_PHONE
Two-Factor Authentication.,SUPPORT_PHONE
Tài dịch vụ Khách hàng,SUPPORT_PHONE
Tài hoạt động,SUPPORT_PHONE
Tài liệu Quản lý,SUPPORT_PHONE
Tài liệu Tài chính,SUPPORT_PHONE
Tài liệu hỗ trợ khách hàng,SUPPORT_PHONE
Tài liệu liên lạc,SUPPORT_PHONE
Tài liệu sử dụng quốc tế,SUPPORT_PHONE
Tài liệu thẻ tín dụng,SUPPORT_PHONE
Tài liệu tài chính,SUPPORT_PHONE
Tài liệu đăng ký,SUPPORT_PHONE
Tài làm việc hỗ trợ khách hàng,SUPPORT_PHONE
Tài số điện thoại,SUPPORT_PHONE
Tài số điện thoại của bộ ngoại giao,SUPPORT_PHONE
Tài điện thoại,SUPPORT_PHONE
Tài điện thoại Hỗ trợ Khách hàng,SUPPORT_PHONE
Tài điện thoại của bộ phận gian lận,SUPPORT_PHONE
Tài điện thoại hỗ trợ khách hàng,SUPPORT_PHONE
Tài điện thoại kích hoạt,SUPPORT_PHONE
Tên,SUPPORT_PHONE
Tên Công ty,SUPPORT_PHONE
Tên Hỗ trợ Điện thoại.,SUPPORT_PHONE
Tên Lịch sử thanh toán,SUPPORT_PHONE
Tên Ngân hàng,SUPPORT_PHONE
Tên Xem Thanh toán,SUPPORT_PHONE
Tên chuyển giao,SUPPORT_PHONE
Tên chuyển giao Số chuyển giao,SUPPORT_PHONE
Tên chuyển khoản,SUPPORT_PHONE
Tên cuối,SUPPORT_PHONE
Tên cuối cùng,SUPPORT_PHONE
Tên công ty,SUPPORT_PHONE
Tên của Người gửi,SUPPORT_PHONE
Tên của bạn,SUPPORT_PHONE
Tên của người gửi,SUPPORT_PHONE
Tên của người nhận,SUPPORT_PHONE
Tên hết hạn,SUPPORT_PHONE
Tên hỗ trợ khách hàng Ngân hàng,SUPPORT_PHONE
Tên hỗ trợ khách hàng Điện thoại số,SUPPORT_PHONE
Tên hỗ trợ điện thoại số,SUPPORT_PHONE
Tên liên hệ,SUPPORT_PHONE
Tên ngân hàng,SUPPORT_PHONE
Tên người dùng,SUPPORT_PHONE
Tên sinh,SUPPORT_PHONE
Tên số,SUPPORT_PHONE
Tên số dịch vụ,SUPPORT_PHONE
Tên số liên hệ,SUPPORT_PHONE
Tên số điện thoại,SUPPORT_PHONE
Tên số điện thoại hỗ trợ khách hàng,SUPPORT_PHONE
Tên sử dụng,SUPPORT_PHONE
Tên sử dụng số điện thoại hỗ trợ khách hàng,SUPPORT_PHONE
Tên thuê,SUPPORT_PHONE
Tên thẻ,SUPPORT_PHONE
Tên thẻ kích hoạt,SUPPORT_PHONE
Tên điện thoại,SUPPORT_PHONE
Tên đầu tiên,SUPPORT_PHONE
Tên đầy đủ,SUPPORT_PHONE
Tên đầy đủ của bạn,SUPPORT_PHONE
Tên định vị Ngân hàng,SUPPORT_PHONE
Tìm hiểu tình hình,SUPPORT_PHONE
Tìm kiếm một số thông tin chi tiết của bạn.,SUPPORT_PHONE
Tìm kiếm số,SUPPORT_PHONE
Tình lý hủy bỏ,SUPPORT_PHONE
Tình sinh ngày,SUPPORT_PHONE
Tín dụng,SUPPORT_PHONE
Tín dụng thẻ #1,SUPPORT_PHONE
Tín dụng thẻ #2,SUPPORT_PHONE
Tín dụng thẻ #3,SUPPORT_PHONE
Tín số,SUPPORT_PHONE
Tín số ID,SUPPORT_PHONE
Tín số Reference Mortgage,SUPPORT_PHONE
Tín số chuyển ID,SUPPORT_PHONE
Tín số chuyển đổi,SUPPORT_PHONE
Tín số nhận dạng chuyển giao,SUPPORT_PHONE
Tín số tham khảo,SUPPORT_PHONE
Tín số tài chính,SUPPORT_PHONE
Tính hệ số,SUPPORT_PHONE
Tính khoản Hỗ trợ Khách hàng,SUPPORT_PHONE
Tính khoản của tôi,SUPPORT_PHONE
Tính khoản hỗ trợ khách hàng,SUPPORT_PHONE
Tính khoản hỗ trợ khách hàng Điện thoại,SUPPORT_PHONE
Tính khoản tổng quan,SUPPORT_PHONE
Tính khoản điện thoại hỗ trợ khách hàng,SUPPORT_PHONE
Tính năng cá nhân,SUPPORT_PHONE
Tính năng liên lạc được yêu thích,SUPPORT_PHONE
Tính toán,SUPPORT_PHONE
Tính toán của tôi,SUPPORT_PHONE
Tính toán tài chính,SUPPORT_PHONE
Tính toán tổng quan,SUPPORT_PHONE
Tăng ID,SUPPORT_PHONE
Tăng cường điện thoại,SUPPORT_PHONE
Tăng cường điện thoại số điện thoại khách hàng,SUPPORT_PHONE
Tăng trợ dịch vụ khách hàng của chúng tôi đến bạn,SUPPORT_PHONE
Tăng trợ khách hàng số điện thoại,SUPPORT_PHONE
Tăng trợ khách hàng tại,SUPPORT_PHONE
Tăng trợ điện thoại,SUPPORT_PHONE
Tất cả Tên,SUPPORT_PHONE
Tất cả các chi tiết thêm,SUPPORT_PHONE
Tất cả tên,SUPPORT_PHONE
Tập chuyển giao tổng hợp,SUPPORT_PHONE
Tập chuyển khoản,SUPPORT_PHONE
Tập chuyển lịch,SUPPORT_PHONE
Tập dịch gần đây,SUPPORT_PHONE
Tập dịch lịch sử,SUPPORT_PHONE
Tập dịch vụ cụ thể,SUPPORT_PHONE
Tập lịch chuyển khoản,SUPPORT_PHONE
Tập lịch sử,SUPPORT_PHONE
Tập lịch sử chuyển khoản,SUPPORT_PHONE
Tập lịch sử hỗ trợ khách hàng,SUPPORT_PHONE
Tập lịch sử thanh toán,SUPPORT_PHONE
Tập lịch đơn,SUPPORT_PHONE
Tập nhật,SUPPORT_PHONE
Tập nhật chuyển giao,SUPPORT_PHONE
Tập nhật của Công ty,SUPPORT_PHONE
Tập nhật của bạn,SUPPORT_PHONE
Tập nhật của tôi,SUPPORT_PHONE
Tập nhật giờ,SUPPORT_PHONE
Tập nhật hỗ trợ khách hàng,SUPPORT_PHONE
Tập nhật ngày,SUPPORT_PHONE
Tập nhật năm,SUPPORT_PHONE
Tập nhật rút tiền,SUPPORT_PHONE
Tập nhật sinh nhật,SUPPORT_PHONE
Tập nhật số điện thoại,SUPPORT_PHONE
Tập nhật thanh toán,SUPPORT_PHONE
Tập nhật thẻ,SUPPORT_PHONE
Tập toán Lịch sử,SUPPORT_PHONE
Tập toán của tôi,SUPPORT_PHONE
Tập toán hỗ trợ khách hàng số điện thoại,SUPPORT_PHONE
Tập toán lịch sử,SUPPORT_PHONE
Tập toán tổng hợp,SUPPORT_PHONE
Tập trình của tôi,SUPPORT_PHONE
Tập việc,SUPPORT_PHONE
Tập xem thanh toán,SUPPORT_PHONE
Tổng thông tin nhận dạng,SUPPORT_PHONE
Tổng thông tin tài chính,SUPPORT_PHONE
Từ ngày của tuần,SUPPORT_PHONE
Tỷ lệ,SUPPORT_PHONE
Undo,SUPPORT_PHONE
Unique Username,SUPPORT_PHONE
Update,SUPPORT_PHONE
User ID,SUPPORT_PHONE
Username,SUPPORT_PHONE
View Mortgage Payments,SUPPORT_PHONE
View Payments,SUPPORT_PHONE
Visa Customer Support,SUPPORT_PHONE
Visa Dịch vụ Khách hàng,SUPPORT_PHONE
Visa Số hỗ trợ khách hàng,SUPPORT_PHONE
Void,SUPPORT_PHONE
Vận thăm trang web của chúng tôi,SUPPORT_PHONE
Withdrawal Amount,SUPPORT_PHONE
Yelp,SUPPORT_PHONE
ZIP Code,SUPPORT_PHONE
Zip Code,SUPPORT_PHONE
amount,SUPPORT_PHONE
bank,SUPPORT_PHONE
companywebsite.com,SUPPORT_PHONE
custom_service_service,SUPPORT_PHONE
công khoản truyền thông xã hội,SUPPORT_PHONE
công ty,SUPPORT_PHONE
công việc,SUPPORT_PHONE
date,SUPPORT_PHONE
hỗ trợ khách hàng,SUPPORT_PHONE
lênh số tham khảo,SUPPORT_PHONE
mount,SUPPORT_PHONE
name,SUPPORT_PHONE
routing,SUPPORT_PHONE
support@example.com,SUPPORT_PHONE
thỏa thuận ngày,SUPPORT_PHONE
thỏa thuận ngày/giờ,SUPPORT_PHONE
thỏa thuận số,SUPPORT_PHONE
thỏa thuận số tiền,SUPPORT_PHONE
time,SUPPORT_PHONE
trang web chính thức của Visa,SUPPORT_PHONE
tên của người gửi,SUPPORT_PHONE
tên của người nhận,SUPPORT_PHONE
tên kết thúc ngày,SUPPORT_PHONE
tên ngân hàng,SUPPORT_PHONE
tên người dùng,SUPPORT_PHONE
tên sử,SUPPORT_PHONE
tên sử dụng,SUPPORT_PHONE
tên thuê nhà,SUPPORT_PHONE
tên thương mại,SUPPORT_PHONE
tên thẻ,SUPPORT_PHONE
tên đường dẫn,SUPPORT_PHONE
tên đầy đủ,SUPPORT_PHONE
tình lý,SUPPORT_PHONE
tín dụng 3 tháng cuối,SUPPORT_PHONE
tín dụng ID,SUPPORT_PHONE
tín dụng cá nhân hoặc thu hồi thuế,SUPPORT_PHONE
tín số người dùng,SUPPORT_PHONE
www.companywebsite.com,SUPPORT_PHONE
www.example.com,SUPPORT_PHONE
Điều,SUPPORT_PHONE
Điều An ninh Xã hội,SUPPORT_PHONE
Điều Chuyển khoản Ngân hàng,SUPPORT_PHONE
Điều Dịch vụ,SUPPORT_PHONE
Điều ID Khách hàng,SUPPORT_PHONE
Điều ID khách hàng,SUPPORT_PHONE
Điều ID người dùng,SUPPORT_PHONE
Điều Người dùng,SUPPORT_PHONE
Điều Pass-Time,SUPPORT_PHONE
Điều Tài chính,SUPPORT_PHONE
Điều Tài sản,SUPPORT_PHONE
Điều Tên Ngân hàng,SUPPORT_PHONE
Điều Tên Người nhận,SUPPORT_PHONE
Điều User,SUPPORT_PHONE
Điều chi tiết nhận dạng cá nhân,SUPPORT_PHONE
Điều chuyển,SUPPORT_PHONE
Điều chuyển ID hoặc Số tham chiếu,SUPPORT_PHONE
Điều chuyển giao,SUPPORT_PHONE
Điều chuyển khoản,SUPPORT_PHONE
Điều chuyển khoản ID,SUPPORT_PHONE
Điều chuyển khoản Reference,SUPPORT_PHONE
Điều chuyển khoản có lợi,SUPPORT_PHONE
Điều chuyển khoản của người nhận,SUPPORT_PHONE
Điều chuyển khoản hoặc Điều chuyển khoản,SUPPORT_PHONE
Điều chuyển khoản ngân hàng,SUPPORT_PHONE
Điều chuyển nhượng Reference,SUPPORT_PHONE
Điều chào mừng,SUPPORT_PHONE
Điều cuối cùng,SUPPORT_PHONE
Điều cân bằng thẻ,SUPPORT_PHONE
Điều của người nhận,SUPPORT_PHONE
Điều hướng,SUPPORT_PHONE
Điều hướng dẫn,SUPPORT_PHONE
Điều hồ sơ,SUPPORT_PHONE
Điều hỗ trợ Khách hàng Điện thoại,SUPPORT_PHONE
Điều hỗ trợ khách,SUPPORT_PHONE
Điều hỗ trợ khách hàng,SUPPORT_PHONE
Điều hỗ trợ khách hàng của chúng tôi.,SUPPORT_PHONE
Điều hỗ trợ khách hàng Điện thoại,SUPPORT_PHONE
Điều hỗ trợ khách hàng Điện thoại số,SUPPORT_PHONE
Điều hỗ trợ điện thoại,SUPPORT_PHONE
Điều hỗ trợ điện thoại của khách hàng,SUPPORT_PHONE
Điều hỗ trợ điện thoại của khách hàng.,SUPPORT_PHONE
Điều hỗ trợ điện thoại khách hàng,SUPPORT_PHONE
Điều hỗ trợ điện thoại khách hàng.,SUPPORT_PHONE
Điều hợp đồng thuê,SUPPORT_PHONE
Điều khoản,SUPPORT_PHONE
Điều khoản Hỗ trợ Khách hàng Điện thoại,SUPPORT_PHONE
Điều khoản hỗ trợ của chúng tôi,SUPPORT_PHONE
Điều khoản hỗ trợ khách hàng,SUPPORT_PHONE
Điều khoản hỗ trợ khách hàng Điện thoại,SUPPORT_PHONE
Điều khoản hỗ trợ điện thoại,SUPPORT_PHONE
Điều khoản liên hệ,SUPPORT_PHONE
Điều khoản tiền ôn,SUPPORT_PHONE
Điều khoản điện thoại của bộ phận ôn,SUPPORT_PHONE
Điều khoản ủng hộ,SUPPORT_PHONE
"Điều khoản,",SUPPORT_PHONE
Điều kiện,SUPPORT_PHONE
Điều kiện của bạn và lý do của việc hủy bỏ tiền gửi của bạn,SUPPORT_PHONE
Điều kiện hỗ trợ khách hàng Điện thoại,SUPPORT_PHONE
Điều kiện thẻ tín dụng,SUPPORT_PHONE
Điều kích hoạt Điện thoại,SUPPORT_PHONE
Điều liên hệ,SUPPORT_PHONE
Điều liên hệ của bạn và địa chỉ điện thoại của bạn,SUPPORT_PHONE
Điều liên hệ trực tuyến,SUPPORT_PHONE
Điều lịch sử thanh toán,SUPPORT_PHONE
Điều ngày,SUPPORT_PHONE
Điều ngân hàng,SUPPORT_PHONE
Điều người dùng,SUPPORT_PHONE
Điều nhận dạng cá nhân,SUPPORT_PHONE
Điều quản lý thẻ,SUPPORT_PHONE
Điều quản lý thẻ tín dụng,SUPPORT_PHONE
Điều sinh nhật,SUPPORT_PHONE
Điều số Cuối cùng,SUPPORT_PHONE
Điều số Hỗ trợ Khách hàng Điện thoại,SUPPORT_PHONE
Điều số điện thoại dịch vụ khách hàng của bạn,SUPPORT_PHONE
Điều số điện thoại hỗ trợ khách hàng,SUPPORT_PHONE
Điều thuê,SUPPORT_PHONE
Điều thông tin thẻ,SUPPORT_PHONE
Điều thư điện tử,SUPPORT_PHONE
Điều thẻ,SUPPORT_PHONE
Điều thẻ tín dụng,SUPPORT_PHONE
Điều thời gian,SUPPORT_PHONE
Điều tiền,SUPPORT_PHONE
Điều tiền gửi,SUPPORT_PHONE
Điều tiền gửi một thời gian,SUPPORT_PHONE
Điều tài liệu nhận dạng,SUPPORT_PHONE
Điều tài liệu nhận dạng cá nhân,SUPPORT_PHONE
Điều tài sản,SUPPORT_PHONE
Điều tài sản chứng minh,SUPPORT_PHONE
Điều tên của người nhận,SUPPORT_PHONE
Điều tín dụng,SUPPORT_PHONE
Điều tín dụng thẻ tín dụng,SUPPORT_PHONE
Điều web của bạn,SUPPORT_PHONE
Điều web của công ty,SUPPORT_PHONE
Điều xác thực sinh học,SUPPORT_PHONE
Điều Điện thoại Hỗ trợ Khách hàng,SUPPORT_PHONE
Điều Điện thoại Hỗ trợ khách hàng,SUPPORT_PHONE
Điều Địa chỉ Thư,SUPPORT_PHONE
Điều điện thoại,SUPPORT_PHONE
Điều điện thoại Dịch vụ Khách hàng,SUPPORT_PHONE
Điều điện thoại Dịch vụ khách hàng,SUPPORT_PHONE
Điều điện thoại Hỗ trợ Khách hàng,SUPPORT_PHONE
Điều điện thoại Hỗ trợ khách hàng,SUPPORT_PHONE
Điều điện thoại của công ty,SUPPORT_PHONE
Điều điện thoại của phòng gian lận,SUPPORT_PHONE
Điều điện thoại của đại diện hủy bỏ,SUPPORT_PHONE
Điều điện thoại dịch vụ khách hàng,SUPPORT_PHONE
Điều điện thoại hỗ trợ khách hàng,SUPPORT_PHONE
Điều điện thoại hỗ trợ khách hàng của họ,SUPPORT_PHONE
Điều điện thoại hỗ trợ quốc tế,SUPPORT_PHONE
Điều điện thoại.,SUPPORT_PHONE
Điều đăng ký,SUPPORT_PHONE
Điều đăng ký của bạn,SUPPORT_PHONE
Điều đơn,SUPPORT_PHONE
Điều đơn yêu cầu hủy tiền,SUPPORT_PHONE
Điều đầu tiên,SUPPORT_PHONE
Điều đặt cọc,SUPPORT_PHONE
Điều đặt hàng,SUPPORT_PHONE
Điều địa chỉ,SUPPORT_PHONE
Điều địa chỉ của sở hữu,SUPPORT_PHONE
Điều địa chỉ tài sản,SUPPORT_PHONE
Điều/Điều dịch vụ,SUPPORT_PHONE
Điểm Hỗ trợ Khách hàng,SUPPORT_PHONE
Điểm Thông tin cá nhân,SUPPORT_PHONE
Điểm hỗ trợ khách hàng,SUPPORT_PHONE
Điểm hỗ trợ khách hàng Điện thoại,SUPPORT_PHONE
Điểm hỗ trợ điện thoại khách hàng,SUPPORT_PHONE
Điểm hủy bỏ tiền gửi,SUPPORT_PHONE
Điểm hủy bỏ tiền đặt cọc,SUPPORT_PHONE
Điểm hủy bỏ điện thoại,SUPPORT_PHONE
Điểm số đơn hàng,SUPPORT_PHONE
Điểm toán,SUPPORT_PHONE
Điểm toán Lịch sử,SUPPORT_PHONE
Điểm toán Platform,SUPPORT_PHONE
Điểm toán chi tiết,SUPPORT_PHONE
Điểm toán hỗ trợ khách hàng,SUPPORT_PHONE
Điểm toán ngày,SUPPORT_PHONE
Điểm Điện thoại Hỗ trợ Khách hàng,SUPPORT_PHONE
Điểm điện thoại của bộ phận hủy bỏ tiền gửi,SUPPORT_PHONE
Điểm điện thoại hỗ trợ khách hàng,SUPPORT_PHONE
Điểm điện thoại hủy bỏ,SUPPORT_PHONE
Điển khoản Chủ tên,SUPPORT_PHONE
Điển khoản ngân hàng,SUPPORT_PHONE
Điện,SUPPORT_PHONE
Điện Lịch sử Điện,SUPPORT_PHONE
Điện Now,SUPPORT_PHONE
Điện hỗ trợ điện thoại,SUPPORT_PHONE
Điện thư,SUPPORT_PHONE
Điện thư điện tử,SUPPORT_PHONE
Điện tích Hỗ trợ Điện thoại,SUPPORT_PHONE
Điện ích,SUPPORT_PHONE
Điện ích Trang web của Công ty,SUPPORT_PHONE
Điện ích của Công ty,SUPPORT_PHONE
Điện ích của công ty,SUPPORT_PHONE
Điện ích Điện thoại khách hàng,SUPPORT_PHONE
Đánh giá chuyển giao,SUPPORT_PHONE
Đăng ký,SUPPORT_PHONE
Đăng ký người dùng,SUPPORT_PHONE
Đăng ký thư,SUPPORT_PHONE
Đăng trợ điện thoại,SUPPORT_PHONE
Đăng ứng hỗ trợ khách hàng Điện thoại số,SUPPORT_PHONE
Đại giao ảo,SUPPORT_PHONE
Đại giao ảo số điện thoại,SUPPORT_PHONE
Đại giao ảo tài chính,SUPPORT_PHONE
Đại phòng hủy bỏ,SUPPORT_PHONE
Đại phòng hủy bỏ số điện thoại,SUPPORT_PHONE
Đặt hàng,SUPPORT_PHONE
Đặt hàng ID,SUPPORT_PHONE
Đặt hàng số,SUPPORT_PHONE
Đặt hàng tổng hợp,SUPPORT_PHONE
Đặt hủy dịch vụ,SUPPORT_PHONE
Đặt hủy dịch vụ số điện thoại,SUPPORT_PHONE
Đặt hủy tài liệu,SUPPORT_PHONE
Đặt vé,SUPPORT_PHONE
Đặt vé ID,SUPPORT_PHONE
Độ ngày,SUPPORT_PHONE
Độ số chuyển khoản,SUPPORT_PHONE
Độ tiền chuyển khoản,SUPPORT_PHONE
Đội Hỗ trợ,SUPPORT_PHONE
Đội Hỗ trợ Điện thoại,SUPPORT_PHONE
Đội giải quyết tranh chấp,SUPPORT_PHONE
Đội hỗ trợ điện thoại khách hàng,SUPPORT_PHONE
địa chỉ chuyển giao,SUPPORT_PHONE
địa chỉ tài sản,SUPPORT_PHONE
độ số bảo hiểm xã hội của bạn,SUPPORT_PHONE
độ thẻ chủ,SUPPORT_PHONE
độ thẻ tín dụng của bạn,SUPPORT_PHONE
Customer Service Center,SUPPORT_WEBSITE
Customer Support Center,SUPPORT_WEBSITE
Cardholder Portal,SUPPORT_WEBSITE
Dispute Center,SUPPORT_WEBSITE
Help & Support,SUPPORT_WEBSITE
Mortgage Portal,SUPPORT_WEBSITE
Công ty Trang web URL,SUPPORT_WEBSITE
Hiện khoản Website của Công ty URL,SUPPORT_WEBSITE
Hiện ích của công ty URL,SUPPORT_WEBSITE
Thuyết minh Website của công ty URL,SUPPORT_WEBSITE
Thuyền Web của công ty URL,SUPPORT_WEBSITE
Trang web Ngân hàng URL,SUPPORT_WEBSITE
Trang web công ty URL,SUPPORT_WEBSITE
Trang web của công ty URL,SUPPORT_WEBSITE
Trang web ngân hàng URL,SUPPORT_WEBSITE
Trung web của công ty URL,SUPPORT_WEBSITE
Tài điện thoại của Công ty URL,SUPPORT_WEBSITE
Tên Công ty URL trang web,SUPPORT_WEBSITE
Tính khoản URL của Công ty,SUPPORT_WEBSITE
Tính khoản URL của công ty,SUPPORT_WEBSITE
URL Trang Web của Công ty,SUPPORT_WEBSITE
URL Trang web của Công ty,SUPPORT_WEBSITE
URL Trang web của Ngân hàng,SUPPORT_WEBSITE
URL Trang web của công ty,SUPPORT_WEBSITE
Điều URL Trang web AMEX,SUPPORT_WEBSITE
Điều khoản Hỗ trợ Khách hàng Website,SUPPORT_WEBSITE
Điện tích Website của công ty,SUPPORT_WEBSITE
Điện web của công ty URL,SUPPORT_WEBSITE
Điện ích Website của Công ty,SUPPORT_WEBSITE
Điện ích Website của công ty URL,SUPPORT_WEBSITE
Điện ích của Công ty URL,SUPPORT_WEBSITE
Điệp web của công ty URL,SUPPORT_WEBSITE
Đăng ký Website của Công ty URL,SUPPORT_WEBSITE
Hôm làm việc URL của công ty,SUPPORT_WEBSITE
Tài khoản URL của trang web của công ty,SUPPORT_WEBSITE
Tên sử dụng URL của trang web của công ty,SUPPORT_WEBSITE
Điều URL Trang Web của Công ty,SUPPORT_WEBSITE
Điều URL Trang web Công ty,SUPPORT_WEBSITE
Điều URL Trang web của Công ty,SUPPORT_WEBSITE
Điều URL Trang web của công ty,SUPPORT_WEBSITE
Điều URL của Trang web của Công ty,SUPPORT_WEBSITE
Điều URL của trang web của công ty,SUPPORT_WEBSITE
Điều URL trang web của công ty,SUPPORT_WEBSITE
Điều hỗ trợ khách hàng của chúng tôi URL,SUPPORT_WEBSITE
Điều điện thoại của công ty URL,SUPPORT_WEBSITE
Điểm URL Trang web của Công ty,SUPPORT_WEBSITE
Điểm URL của trang web của công ty,SUPPORT_WEBSITE
Điện URL Trang Web của Công ty,SUPPORT_WEBSITE
Điện URL Trang web của công ty,SUPPORT_WEBSITE
Hộp đơn dịch vụ của công ty URL,SUPPORT_WEBSITE
Thị trí Trang web của Công ty URL,SUPPORT_WEBSITE
Trò chuyện trực tiếp URL của công ty,SUPPORT_WEBSITE
Bank Transfer Support Team,TRANSFER_URL
Manage Transfers,TRANSFER_URL
Bank Transfer Step 1,TRANSFER_URL
Bank Transfer Step 2,TRANSFER_URL
Bank Transfer Step 3,TRANSFER_URL
Transfer,WIRE_TRANSFER_INFO
Amount Transfer,WIRE_TRANSFER_INFO
Bank Transfer,WIRE_TRANSFER_INFO
Cancel Transfer,WIRE_TRANSFER_INFO
Công số chuyển tiền,WIRE_TRANSFER_INFO
Delete Transfer,WIRE_TRANSFER_INFO
Transfer Amount,WIRE_TRANSFER_INFO
Transfer Date,WIRE_TRANSFER_INFO
Transfer Details,WIRE_TRANSFER_INFO
Transfer Funds,WIRE_TRANSFER_INFO
Transfer History,WIRE_TRANSFER_INFO
Transfer ID,WIRE_TRANSFER_INFO
Transfers,WIRE_TRANSFER_INFO
Customer Service Hours,WORKING_HOURS
Customer Service Working Hours,WORKING_HOURS
Customer Support Hours,WORKING_HOURS
Customer Support Working Hours,WORKING_HOURS
Customer Working Hours,WORKING_HOURS
Opening Hours,WORKING_HOURS
Tài giờ làm việc,WORKING_HOURS
Working Hours,WORKING_HOURS
Điều hỗ trợ Khách hàng Hours Working,WORKING_HOURS
Availability Hours,WORKING_HOURS
Bank Customer Support Working Hours,WORKING_HOURS
Branch Working Hours,WORKING_HOURS
Business Hours,WORKING_HOURS
Client Service Working Hours,WORKING_HOURS
Credit Support Working Hours,WORKING_HOURS
Custom Support Hours,WORKING_HOURS
Customer Hours hỗ trợ.,WORKING_HOURS
Customer Hỗ trợ Hours,WORKING_HOURS
Customer Service Work Hours,WORKING_HOURS
Customer Support Operating Hours,WORKING_HOURS
Customer Support Work Hours,WORKING_HOURS
Customer Work Hours,WORKING_HOURS
Customer Working Hours và Supporting,WORKING_HOURS
Customer Working Hours.,WORKING_HOURS
Loan Support Working Hours,WORKING_HOURS
Branch Open Hours,WORKING_HOURS
Branch Operating Hours,WORKING_HOURS
Giờ làm việc hỗ trợ khách hàng,WORKING_HOURS
Hour Working,WORKING_HOURS
Loan Department Working Hours,WORKING_HOURS
Mortgage Assistance Working Hours,WORKING_HOURS
Mortgage Cancellation Working Hours,WORKING_HOURS
Mortgage Support Work Hours,WORKING_HOURS
Thông tin hỗ trợ khách hàng Working Hours,WORKING_HOURS
AMEX Hỗ trợ Khách hàng Thời gian làm việc,WORKING_HOURS
AMEX Hỗ trợ khách hàng Thời gian làm việc,WORKING_HOURS
Credit Card Activated Working Hours,WORKING_HOURS
Các giờ làm việc hỗ trợ khách hàng,WORKING_HOURS
Công ty Hỗ trợ Hours,WORKING_HOURS
Công ty Hỗ trợ Thời gian làm việc,WORKING_HOURS
Công ty hỗ trợ Hours,WORKING_HOURS
Công ty hỗ trợ giờ làm việc,WORKING_HOURS
Dịch vụ Khách hàng Hours,WORKING_HOURS
Hiện hỗ trợ khách hàng Working Hours,WORKING_HOURS
Loan Cancellation Work Hours,WORKING_HOURS
Mortgage Assistance Work Hours,WORKING_HOURS
Mortgage Cancellation Work Hours,WORKING_HOURS
Mortgage Department Work Hours,WORKING_HOURS
Mortgage Hủy bỏ giờ làm việc,WORKING_HOURS
Mortgage bộ phận giờ làm việc,WORKING_HOURS
Ngân hàng Hỗ trợ Khách hàng Thời gian làm việc,WORKING_HOURS
Nhà hỗ trợ khách hàng giờ làm việc,WORKING_HOURS
Trang Hỗ trợ Khách hàng Working Hours,WORKING_HOURS
Trang hỗ trợ khách hàng Working Hours,WORKING_HOURS
Tuyền hỗ trợ khách hàng Working Hours,WORKING_HOURS
Tài hỗ trợ khách hàng Work Hours,WORKING_HOURS
Tài khoản hỗ trợ khách hàng Working Hours,WORKING_HOURS
hỗ trợ khách hàng Work Hours,WORKING_HOURS
Điều Hỗ trợ Khách hàng Working Hours,WORKING_HOURS
Điều giờ làm việc Hỗ trợ Khách hàng,WORKING_HOURS
Điều giờ làm việc hỗ trợ khách hàng,WORKING_HOURS
Điều hỗ trợ khách hàng Thời gian làm việc,WORKING_HOURS
Điều hỗ trợ khách hàng Working Hours,WORKING_HOURS
Điều hỗ trợ khách hàng giờ làm việc,WORKING_HOURS
Điểm hỗ trợ khách hàng giờ làm việc,WORKING_HOURS
Đội hỗ trợ khách hàng giờ làm việc,WORKING_HOURS
American Express Hỗ trợ khách hàng Thời gian làm việc,WORKING_HOURS
Các khoản hỗ trợ khách hàng giờ làm việc,WORKING_HOURS
Công ty Hỗ trợ với các giờ làm việc,WORKING_HOURS
Công ty hỗ trợ Hours Work,WORKING_HOURS
Hiện khoản hỗ trợ khách hàng Working Hours,WORKING_HOURS
Hiện ích hỗ trợ khách hàng Working Hours,WORKING_HOURS
Loan Cancellation Department Work Hours,WORKING_HOURS
Mortgage Cancellation Department Work Hours,WORKING_HOURS
My Amex Dịch vụ Khách hàng Hours,WORKING_HOURS
Tài điện thoại hỗ trợ khách hàng Working Hours,WORKING_HOURS
Tăng cường điện thoại giờ làm việc,WORKING_HOURS
Điều hỗ trợ khách hàng Work Hours,WORKING_HOURS
Điều khoản hỗ trợ khách hàng Working Hours,WORKING_HOURS
Điểm hỗ trợ khách hàng Work Hours,WORKING_HOURS
Các khoản hỗ trợ khách hàng Work Hours,WORKING_HOURS
Công ty Hỗ trợ Hours Mobile app,WORKING_HOURS
Hiện khoản Hỗ trợ Khách hàng Work Hours,WORKING_HOURS
Hiện ích hỗ trợ khách hàng Work Hours,WORKING_HOURS
Hộp đơn hỗ trợ khách hàng Work Hours,WORKING_HOURS
Tài điện thoại Hỗ trợ Khách hàng Work Hours,WORKING_HOURS
Tính khoản hỗ trợ khách hàng Work Hours,WORKING_HOURS
Điều kiện hỗ trợ khách hàng Work Hours,WORKING_HOURS
Điều điện thoại Hỗ trợ khách hàng Working Hours,WORKING_HOURS
Điều điện thoại hỗ trợ khách hàng Working Hours,WORKING_HOURS
Hình chuyển khoản hỗ trợ khách hàng Work Hours,WORKING_HOURS
Điều điện thoại Dịch vụ khách hàng Working Hours,WORKING_HOURS
